ID,Бренд,Наименование,Количество,Цена,Цена по акции
493260815,ШАТО ПИНО,"Вино Шато Пино Колдун белое сухое, 0.75л",10,1159,0
493260835,MANUEL QUINTANO,"Вино Manuel Quintano Sepas Viejas красное сухое, 0.75л",68,1919,1399
550291641,ESSE,"Вино Esse Rose розовое сухое, 0.75л",8,729,0
493357505,ESSE,"Вино Esse Saperavi Heaven красное сухое, 0.75л",15,1249,0
557512258,CALALENTA,"Вино Calalenta Pecorino Fantini белое сухое, 0.75л",282,1469,0
595450737,CUVEE NOKAT,"Вино Cuvee Nokat Bordeaux красное сухое, 0.75л",192,1199,0
493357570,MANUEL QUINTANO,"Вино Manuel Quintano Blanco Sobre Lias белое сухое, 0.75л",176,1449,1099
485261881,CHATEAU CAVALIER,"Вино Chateau Cavalier Cuvee Marafiance Cotes de Provence AOP розовое сухое, 0.75л",112,1399,0
493271715,LAVIS,"Вино Lavis Lagrein красное сухое, 0.75л",308,1299,0
557512273,RIPORTA,"Вино Riporta Primitivo di Manduria красное полусухое, 0.75л",228,1699,0
196365,VILLA ANTINORI,"Вино Villa Antinori Rosso красное сухое, 0.75л",28,3399,0
496004,CALVET,"Вино Calvet Reserve de l'Estey красное сухое, 0.75л",6,1799,0
210264,FRESCHELLO,"Вино Freschello Bianco белое полусухое, 0.75л",55,749,0
150793,CA'MARCANDA,"Вино Ca'Marcanda Gaja Magari красное сухое, 0.75л",8,13899,10499
538316,MUCHO MAS,"Вино Mucho Mas красное сухое, 0.75л",264,999,899.1
114518,PFEFFERER,"Вино Colterenzio Pfefferer белое полусухое, 0.75л",233,2099,0
367007,TORRES,"Вино Torres Salmos Priorat красное сухое, 0.75л",11,5299,3999
241545,CIELO,"Вино Cielo Freschello Bianco Sweet белое полусладкое, 0.75л",87,749,0
527431,ALAMOS,"Вино Alamos Malbec красное сухое, 1.5л",4,3999,3599.1
595563941,ЛЕФКАДИЯ,"Вино Лефкадия Совиньон Блан белое сухое, 0.75л",6,1649,0
576051,MUCHO MAS,"Вино Mucho Mas красное сухое, 3л",12,2999,2699.1
579047,CHEVALIER DE LANESSAN,"Вино Chevalier de Lanessan Haut-Medoc красное сухое, 0.75л",10,3799,2999
240806,FRESCHELLO,"Вино Freschello Rosso Sweet красное полусладкое, 0.75л",103,749,0
254293,FATTORIA DEL CERRO,"Вино Fattoria Del Cerro Vino Nobile di Montepulciano Riserva красное сухое, 0.75л",11,4149,0
521785,CAVINO,"Вино Cavino White Ionos белое сухое, 0.75л",76,759,569
639351,DOMINI VENETI,"Вино Domini Veneti Garganega белое полусухое, 0.75л",10,1899,0
552800,PFAFFL,"Вино Pfaffl Vom Haus Riesling белое полусухое, 0.75л",79,1059,799
550894,CASILLERO DEL DIABLO,"Вино Casillero del Diablo Chardonnay Reserva сухое белое, 0.75л",133,1099,989.1
604999510,FANAGORIA,"Вино Fanagoria Формула Q красное сухое, 0.75л",11,1899,0
567150,MAR DE FRADES,"Вино Mar De Frades белое сухое, 0.75л",5,2399,2159.1
656246,ЭШЕРА,"Вино Эшера красное полусухое, 0.75л",108,,499
217048,PEPPOLI,"Вино Peppoli Chianti Classico красное сухое, 0.75л",14,3199,0
505174,PUEBLO VIEJO,"Вино Pueblo Viejo Rioja Gran Reserva красное сухое, 0.75л",48,1599,1439.1
249238,MATSU,"Вино Matsu El Picaro красное сухое, 0.75л",695,1899,1709.1
254544,CASA SANTOS,"Вино Casa Santos Lima Quinta das Amoras белое полусухое, 0.75л",70,899,809.1
402743,CHEVAL QUANCARD,"Вино Cheval Quancard Bordeaux красное сухое, 0.75л",30,999,0
512190,LETH,"Вино Leth Duett Riesling Veltliner белое сухое, 0.75л",141,1239,0
639521,GUERRIERI RIZZARDI,"Вино Guerrieri Rizzardi Amarone Classico красное сухое, 0.75л",4,9599,7599
560305195,CHATEAU TAMAGNE,"Вино Chateau Tamagne Eno Мускат-Пино Гриджио белое сухое, 0.75л",138,299,0
391284,VENTISQUERO,"Вино Ventisquero Sauvignon Blanc белое сухое, 0.75л",6,1799,1499
210917,ALAMOS,"Вино Alamos Malbec Mendoza красное сухое, 0.75л",19,1479,1331.1
469852,LAGUNILLA,"Вино Lagunilla Gran Reserva красное сухое, 0.75л",48,1299,1169.1
554878,JEAN BOUCHARD,"Вино Jean Bouchard Pouilly Fuisse белое сухое, 0.75л",6,6999,5199
517118,CAVANZA,"Вино Cavanza Carmenere красное сухое, 0.75л",168,529,449
490943,ANIMUS,"Вино Animus Douro красное сухое, 0.75л",150,659,593.1
560504,TINEL-BLONDELET,"Вино Tinel-Blondelet Quercus Pouilly-Fume белое сухое, 0.75л",6,7999,5799
637080,CHATEU GRAND ANTOINE,"Вино Chateu Grand Antoine Sauvignon белое сухое, 0.75л",29,1529,1099
555321,PR,"Вино PR Provence розовое сухое, 0.75л",199,1389,0
555296,CANTINA DIOMEDE,"Вино Cantina Diomede Lama di Pietra Nero di Troia красное полусухое, 0.75л",16,1599,1299
538665,FRESCHELLO,"Вино Freschello Rosso красное полусухое, 0.75л",155,749,0
193682,TAVERNELLO,"Вино Tavernello белое полусухое, 1л",28,739,0
264788879,TAKA,"Вино Taka Marlborough Sauvignon Blanc белое сухое, 0.75л",324,1749,1574.1
165225,MASCIARELLI,"Вино Masciarelli Montepulciano d'Abruzzo красное сухое, 0.75л",7,1949,0
249115,MATSU,"Вино Matsu El Recio Toro DO красное сухое, 0.75л",52,3399,3059.1
249478,MATSU,"Вино Matsu El Viejo красное сухое, 0.75л",7,8169,7352.1
552093,PFAFFL,"Вино Pfaffl Vom Haus Gruner Veltliner белое полусухое, 0.75л",66,1059,799
299619044,TRISTORIA,"Вино Tristoria Аппеласьон Шардоне-Грюнер Вельтлинер белое сухое, 0.75л",9,899,599
241170,CONTE TASCA D'ALMERITA,"Вино Conte Tasca d'Almerita Tenuta Regaleali Bianco белое сухое, 0.75л",15,1749,0
21271431,GREENLIFE,"Вино GreenLife Sauvignon Blanc белое сухое, 0.75л",334,799,699
555250,ПОМЕСТЬЕ ГОЛУБИЦКОЕ,"Вино Поместье Голубицкое Merlot красное сухое, 0.75л",15,929,0
87346,CORVO,"Вино Corvo белое сухое, 0.75л",9,549,0
170604,TORRES,"Вино Torres Celeste Crianza красное сухое, 0.75л",29,2899,1999
538483,ASKANELI BROTHERS,"Вино Askaneli Brothers Artwine Saperavi красное сухое, 0.75л",39,1499,1199
560499665,CHATEAU TAMAGNE,"Вино Chateau Tamagne Eno Мерло красное полусладкое, 0.75л",354,299,0
427339,ITALO CESCON,"Вино Italo Cescon Storia E Vini Pinot Grigio белое,сухое, 0.75л",46,1899,0
5228273,PROTOTYPE,"Вино Prototype Chardonnay California Raymond белое сухое, 0.75л",17,1499,1349.1
175765,MICHELE CHIARLO,"Вино Michele Chiarlo Nivole Moscato белое сладкое, 0.375л",12,1519,0
493260880,LAVIS,"Вино Lavis Riesling белое полусухое, 0.75л",115,1299,0
577590,KAIKEN,"Вино Kaiken Estate Malbec красное сухое, 0.75л",29,1499,1349.1
575871,CAMPELO,"Вино Campelo Vinho Verde белое полусухое, 0.75л",62,809,728.1
614174,MUCHO MAS,"Вино Mucho Mas белое сухое, 3л",15,2999,2699.1
517078,ВИНОДЕЛЬНЯ ВЕДЕРНИКОВЪ,"Вино Винодельня Ведерниковъ Красностоп Золотовский красное сухое, 0.75л",12,1499,1099
637680,DEMUERTE,"Вино Demuerte One красное полусухое, 0.75л",15,1549,1099
369005518,AGORA,"Вино Agora Muscat белое полусладкое, 0.75л",10,499,399
601407180,DARLING RIVER,"Вино Darling River Shiraz красное полусухое, 0.75л",3,999,0
574428,BATUTA,"Вино Batuta Tempranillo красное полусухое, 0.75л",31,599,539.1
548556,ALAZANI,"Вино Alazani Mukuzani красное сухое, 0.75л",235,880,0
237429257,PFAFFL,"Вино Pfaffl Vom Haus Zweigelt красное сухое, 0.75л",299,1059,799
483961,CORTE ADAMI,"Вино Corte Adami Amarone della Valpolicella красное сухое, 0.75л",11,5199,0
546846,THE LACKEY,"Вино The Lackey Shiraz красное сухое, 0.75л",7,1829,1299
7020864,RIVER DELTA,"Вино River Delta Sauvignon Blanc белое сухое, 0.75л",32,2159,1943.1
492086486,NOBILOMO,"Вино Nobilomo Malvasia Colli de Scandiano e Canosa белое полусладкое, 0.75л",8,859,0
557512268,RIPORTA,"Вино Riporta Nero D'avola Appassite красное полусухое, 0.75л",236,1099,0
393088,FANAGORIA,"Вино Fanagoria Авторское вино Каберне-Мерло красное сухое, 0.75л",193,429,0
442322,VINA REAL,"Вино Vina Real Casal Garcia Branco Vinho Verde белое полусухое, 0.75л",231,1199,999
550767,SUTHERLAND,"Вино Sutherland Riesling белое сухое, 0.75л",6,1899,1709.1
539576,KREMS,"Вино Domane Krems Gruner Veltliner белое сухое, 0.75л",17,1399,0
655721,ПСОУ,"Вино Псоу белое полусладкое, 0.75л",75,,499
595643220,ZB WINE,"Вино ZB Wine Riesling белое полусухое, 0.75л",9,629,0
92804,VILLA ANTINORI,"Вино Villa Antinori Bianco белое сухое, 0.75л",66,2199,0
402571,SOPRASASSO,"Вино Soprasasso Pra Amarone della Valpolicella красное полусухое, 0.75л",11,3699,0
656256,BALLORO,"Вино Balloro Soave белое сухое, 0.75л",26,599,0
639536,DOMINI VENETI,"Вино Domini Veneti Appassimento красное полусухое, 0.75л",12,1999,0
577491,FIRRIATO,"Вино Firriato Branciforti dei Bordonaro Grillo белое сухое, 0.75л",22,1799,1299
440346,BOUCHARD,"Вино Bouchard Aine & Fils Grand Conseiller Pinot Noir красное сухое, 0.75л",43,919,0
8909809,TERRE DEGLI EREMI,"Вино Terre Degli Eremi Riserva Montepulciano d'Abruzzo красное сухое, 0.75л",2,899,0
209796,NR,"Вино Fanagoria NR Шардоне белое сухое, 0.75л",50,389,0
604940084,KOPKE,"Вино Kopke Porto портвейн 10 лет в подарочной упаковке, 0.75л",7,4349,3914.1
299556229,TRISTORIA,"Вино Tristoria Аппеласьон Совиньон Блан-Шардоне белое сухое, 0.75л",8,899,599
480531,CHATEAU TAMAGNE,"Вино Chateau Tamagne Saperavi Reserva красное сухое, 0.75л",11,779,0
532045,H. LUN 1840,"Вино H. Lun 1840 Pinot Grigio белое сухое, 0.75л",11,2499,0
455230,MARIPOSA,"Вино Mariposa Greta Oto Viura белое сухое, 0.75л",38,649,584.1
402697,MININI,"Вино Minini Pinot Grigio белое сухое, 0.75л",405,1299,999
392538,BADAGONI,"Вино Badagoni Kindzmarauli красное полусладкое, 0.75л",28,1199,999
601653214,KAFFA,"Вино Kaffa Саперави красное сухое, 0.75л",119,479,399
534952,МАССАНДРА,"Вино Массандра красное полусладкое, 0.75л",28,429,0
411861,PEARLY BAY,"Вино Pearly Bay красное сладкое, 0.75л",189,559,503.1
593519,CANTINA DIOMEDE,"Вино Cantina Diomede Nero di Troia Puglia Canace полусухое красное, 0.75л",12,4999,3699
401577,MARIUS BY M. CHAPOUTIER,"Вино Marius by M. Chapoutier Vermentino белое сухое, 0.75л",333,999,0
555324,TRIMBACH,"Вино Trimbach Gewurztraminer белое сухое, 0.75л",5,3999,0
89769538,ESCAPADA,"Вино Escapada Lissabon белое полусухое, 0.75л",27,939,699
656341,ЛЫХНЫ,"Вино Лыхны красное полусладкое, 0.75л",12,499,0
444115,FRANZ HAAS,"Вино Franz Haas Manna белое сухое, 0.75л",8,3229,0
89053161,ARZUAGA,"Вино Arzuaga Ribera del Duero La Planta красное сухое, 0.75л",20,2299,1699
190214,DON RAMON,"Вино Bodegas Aragonesas Don Ramon Campo de Borja красное сухое, 0.75л",597,1149,849
570893,SONNENTAL,"Вино Sonnental Riesling белое полусухое, 0.75л",57,919,0
183737,TENUTA ARGENTIERA,"Вино Tenuta Argentiera Villa Donoratico красное сухое, 0.75л",28,5499,0
215884,TORRES,"Вино Torres Vina Sol Catalunya белое сухое, 0.75л",23,1249,999
119352,CASILLERO DEL DIABLO,"Вино Casillero del Diablo Carmenere красное сухое, 0.75л",123,1099,989.1
561956,MUCHO MAS,"Вино Mucho Mas белое сухое, 0.75л",201,999,899.1
176767,ALAMOS,"Вино Alamos Chardonnay белое сухое, 0.75л",19,1479,1331.1
595562716,ESCAPE,"Вино Escape Shiraz красное полусухое, 0.75л",12,829,599
552704,PIQUITO,"Вино Piquito Organic Monastrell красное сухое, 0.75л",126,699,599
571409235,CANTINA SCANSANO,"Вино Cantina Scansano Talamo Bianco di Pitigliano белое сухое, 0.75л",237,959,0
476482,VALDEMAR,"Вино Conde Valdemar Reserva красное сухое, 1.5л",6,2999,2699.1
181523,VILLA ANTINORI,"Вино Villa Antinori Vermentino Bolgheri белое сухое, 0.75л",15,3999,0
49091917,MAMIKO,"Вино Алазанская Долина Mamiko Саперави красное сухое, 0.75л",122,599,0
612811,АЙ-ПЕТРИ,"Вино Ай-Петри Каберне-совиньон красное полусладкое, 0.75л",21,319,0
504194,BIALONI,"Вино Bialoni Мукузани красное сухое, 0.75л",414,699,0
170764,SCHUCHMANN,"Вино Schuchmann Mtsvane белое сухое, 0.75л",14,1699,0
579130,GOLAN HEIGHTS,"Вино Golan Heights Winery Hermon Mount Hermon красное сухое, 0.75л",19,2799,0
518728,BEAU-RIVAGE,"Вино Beau-Rivage красное сухое, 0.75л",6,2499,0
491927541,NOBILOMO,"Вино Nobilomo Marzemino Colli de Scandiano e Canosa красное полусладкое, 0.75л",13,849,0
655981,АПСНЫ,"Вино Апсны красное полусладкое, 0.75л",51,,499
368957228,AGORA,"Вино Agora Cabernet Sauvignon красное сухое, 0.75л",14,569,0
604908495,СКАЛИСТЫЙ БЕРЕГ,"Вино Скалистый берег Дыхание волн белое сухое, 0.75л",7,1079,0
654232,АБРАУ ДЮРСО,"Вино Абрау Дюрсо Estates красное сухое, 0.75л",221,539,0
268833865,СОЛНЕЧНАЯ ДОЛИНА,"Вино Солнечная Долина Крым красное сухое, 0.75л",24,539,0
501187,BIALONI,"Вино Bialoni Цинандали белое сухое, 0.75л",328,559,0
545488,JEAN BOUCHARD,"Вино Jean Bouchard Petit Chablis белое сухое, 0.75л",9,4299,3199
563382,PENALOLEN AZUL,"Вино Clos Quebrada De Macul Penalolen Azul красное сухое, 0.75л",10,3199,2879.1
548667,ALAZANI,"Вино Alazani Алазанская долина красное полусладкое, 0.75л",397,529,0
403052,SOPRASASSO,"Вино Soprasasso Valpolicella Ripasso красное полусухое, 0.75л",8,1749,0
115498,NR,"Вино Fanagoria NR белое полусладкое, 0.75л",26,389,0
547635,PRA,"Вино Graziano Pra Morandina Valpolicella красное сухое, 0.75л",6,2299,0
562326,FEUDO MACCARI,"Вино Feudo Maccari Saia Nero dAvola Sicilia IGT красное сухое, 0.75л",7,4539,3499
471819,ALBERT BICHOT,"Вино Albert Bichot Petit Chablis белое сухое, 0.75л",23,2699,0
566795,SALMON CLUB,"Вино Salmon Club Sauvignon Blanc белое полусухое, 0.75 л",54,1899,1499
392673,BADAGONI,"Вино Badagoni Alazani Valley красное полусладкое, 0.75л",20,699,599
596256893,ШУМРИНКА,"Вино Шумринка Семисам Мерло-Каберне Совиньон красное сухое, 0.75л",9,999,799
600733772,GREENLIFE,"Вино GreenLife Sauvignon Blanc белое сухое, 0.75л",313,1499,1299
439031,ВИНОДЕЛЬНЯ ВЕДЕРНИКОВЪ,"Вино Винодельня Ведерниковъ Губернаторское красное сухое, 0.75л",19,699,629
492086541,PROTOTYPE,"Вино Prototype Zinfandel красное сухое, 0.75л",2,1399,1259.1
517096,МАССАНДРА,"Вино Кокур Массандра белое сухое, 0.75л",19,429,0
595641445,ZB WINE,"Вино ZB Wine Bastardo красное полусладкое, 0.75л",20,629,549
448272,TILENUS,"Вино Bodegas Estefania Tilenus La Florida красное сухое, 0.75л",3,2699,2429.1
654777,АБРАУ ДЮРСО,"Вино Абрау Дюрсо Estates белое сухое, 0.75л",191,539,0
83763,FRONTERA,"Вино Frontera Merlot красное полусухое, 0.75л",22,669,602.1
534893,LETH,"Вино Leth Terrassen Gruner Veltliner белое сухое, 0.75л",165,1199,0
410562,PEARLY BAY,"Вино Pearly Bay белое сладкое, 0.75л",148,559,503.1
521163,INSOLITO,"Вино Insolito красное полусухое, 1.5л",148,1599,1439.1
321567352,PETIRROJO,"Вино Petirrojo Reserva Cabernet Sauvignon красное сухое, 0.75л",5,1459,1099
595643085,TIO TOTO,"Вино Херес Tio Toto Cream белое сладкое, 0.75л",6,1299,1169.1
548156,FALKENSTEIN,"Вино Falkenstein Riesling Sudtirol DOC белое сухое, 0.75л",10,2449,0
493260375,SEPTIMA SENTIDO,"Вино Septima Sentido Tempranillo красное сухое, 0.75л",11,1099,799
249838,DI LENARDO,"Вино Di Lenardo Pinot Grigio белое сухое, 0.75л",10,1519,1199
483180,СОЛНЕЧНАЯ ДОЛИНА,"Вино Солнечная Долина Черный Полковник ликерное красное сладкое, 0.75л",28,849,0
137943,TORRES,"Вино Torres San Valentin красное сухое, 0.75л",56,999,749
134525,BERONIA,"Вино Beronia Reserva красное сухое, 0.75л",23,2299,2069.1
218545,VALDOURO,"Вино ликерное Valdouro Porto White Porto белый сладкий, 0.75л",3,1549,1394.1
413520574,FRESCOBALDI,"Вино Remole Rosso Frescobaldi красное полусухое, 0.75л",23,1419,0
581357,TRUMPETER,"Вино TrumpeTer Torrontes белое сухое, 0.75л",8,1459,1199
552039,M. CHAPOUTIER,"Вино M. Chapoutier Crozes-Hermitage Les Meysonniers сухое красное, 0.75л",10,3299,0
219012,QUERCIABELLA,"Вино Querciabella Mongrana Maremma Toscana красное сухое, 0.75л",18,2499,0
579167,GOLAN HEIGHTS,"Вино Golan Heights Winery Hermon Mount Hermon белое сухое, 0.75л",4,2799,0
592135298,RIVER COURSE,"Вино River Course Sauvignon Blanc Rheinhessen Andreas Oster Weinkellerei белое сухое, 0.75л",40,1049,0
342210073,AGORA,"Вино Agora Muscat Black красное сладкое, 0.75л",13,569,449
150020,TORRES,"Вино Torres Sangre de Toro красное сухое, 0.75л",31,1299,1099
469863,CHATEAU BEL AIR,"Вино Chateau Bel Air Bordeaux красное сухое, 0.75л",101,1399,1099
186461,CASILLERO DEL DIABLO,"Вино Casillero del Diablo Cabernet Sauvignon красное сухое, 0.75л",154,1099,989.1
478565,LOUIS ESCHENAUER,"Вино Louis Eschenauer Bordeaux Superieur AOC Reserve красное сухое, 0.75л",25,1099,0
500923318,MARANI,"Вино Алазанская Долина Marani красное полусладкое, 0.75л",6,579,549
548548,BORGOBRUNO,"Вино Borgobruno красное полусухое, 0.75л",132,799,0
547980,PRA,"Вино Graziano Pra Morandina Ripasso красное сухое, 0.75л",11,3199,0
492132,CATENA ZAPATA,"Вино Catena Zapata Malbec красное сухое, 0.75л",13,2999,2699.1
510738,CANTAGALLO,"Вино Tenuta Cantagallo Chianti Riserva Montalbano красное сухое, 0.75л",15,1499,0
548596,ALAZANI,"Вино Alazani Kindzmarauli красное полусладкое, 0.75л",322,899,0
141885,BOUCHARD,"Вино Bouchard Aine & Fils Cotes du Rhone Rouge красное сухое, 0.75л",14,949,0
501989333,MARANI,"Вино Marani Saperavi Rose розовое сухое, 0.75л",12,789,629
604905155,СКАЛИСТЫЙ БЕРЕГ,"Вино Скалистый берег Ветер в травах красное сухое, 0.75л",7,1079,0
604905095,СКАЛИСТЫЙ БЕРЕГ,"Вино Скалистый берег Песнь холмов красное сухое, 0.75л",5,1079,0
268833870,СОЛНЕЧНАЯ ДОЛИНА,"Вино Солнечная Долина Крым белое сухое, 0.75л",12,539,0
225246,SCHUCHMANN,"Вино Schuchmann Kindzmarauli красное полусладкое, 0.75л",11,1069,0
571409245,CANTINA SCANSANO,"Вино Cantina Scansano Ciliegiolo Maremma Toscana красное сухое, 0.75л",270,1059,0
226254,FANTINEL,"Вино Fantinel Pinot Grigio белое сухое, 0.75л",18,1059,0
493860,ALTE ROCCHE BIANCHE,"Вино Alte Rocche Bianche Barolo красное сухое, 0.75л",43,2199,0
505560,FAUSTINO,"Вино Faustino VII Tempranillo Rioja DOC красное сухое, 0.75л",77,1049,944.1
89676038,ESCAPADA,"Вино Escapada Lissabon красное полусухое, 0.75л",29,939,699
595561356,GATO NEGRO,"Вино Gato Negro Carmenere красное сухое, 0.75л",6,849,764.1
570820,RONCO BLANCHIS,"Вино Ronco Blanchis Pinot Grigio Collio белое сухое, 0.75л",22,1899,1499
576053,EL BAR ARGENTINO,"Вино El Bar Argentino Chardonnay белое сухое, 0.75л",157,599,539.1
517373,CAVANZA,"Вино Cavanza Cabernet Sauvignon красное сухое, 0.75л",193,529,449
581102,NELEMAN,"Вино Neleman Tempranillo-Monastrell красное сухое, 0.75л",11,1599,1199
555308,SUTHERLAND,"Вино Sutherland Pinot Noir красное сухое, 0.75л",9,3099,2789.1
402272,LA PIUMA,"Вино La Piuma Montepulciano dAbruzzo красное полусухое, 3л",19,2199,0
538429,PALAVANI,"Вино Palavani Saperavi Kvevri красное сухое, 0.75л",13,1399,0
2278804,YASMIN,"Вино Yasmin Vino Verde розовое полусухое, 0.75л",321,999,899.1
482049,МАССАНДРА,"Вино Массандра Мускат белый красного камня белое сладкое, 0.75л",27,999,0
85630,CUSUMANO,"Вино Cusumano Nadaria Nero d'Avola красное сухое, 0.75л",23,1069,0
35551168,CHATEAU PINOT,"Вино Chateau Pinot Chardonnay Riesling белое сухое, 0.75л",10,659,0
483820,СОЛНЕЧНАЯ ДОЛИНА,"Вино ликерное Солнечная Долина Порто белое сладкое, 0.75л",20,769,649
183566,TIO PEPE,"Херес Tio Pepe Palomino Fino Jerez DO Gonzalez Byass белое сухое, 0.75л",14,1999,1799.1
535061,МАССАНДРА,"Вино Массандра белое полусладкое, 0.75л",19,429,0
534334,SCHUCHMANN,"Вино Schuchmann Khvanchkara красное полусладкое, 0.75л",12,2099,0
605021583,МАССАНДРА,"Вино Массандра Мускатель Черный Десертное красное сладкое, 0.75л",22,599,0
545697,CANTINA CELLARO,"Вино Cantina Cellaro Shiraz Barossa Valley Kavel's Flock красное сухое, 0.75л",11,2799,2519.1
534888,МАССАНДРА,"Вино Массандра Лакрима Кристи красное сладкое, 0.75л",15,879,0
5227508,RAPAURA SPRINGS,"Вино Rapaura Springs Sauvignon Blanc Blush Marlborough розовое полусухое, 0.75л",225,1649,1484.1
601435666,GOLUBITSKOE,"Вино Golubitskoe Estate Cabernet Sauvignon красное сухое, 0.75л",5,1099,799
362586,TENUTA SANT'ANTONIO,"Вино Tenuta Sant'antonio Scaia Corvina красное полусухое, 0.75л",7,2199,0
378331,QUERCIABELLA,"Вино Querciabella Chianti Classico красное сухое, 0.375л",3,1999,0
446004,STADLMANN,"Вино Weingut Stadlmann Gruner Veltliner белое сухое, 0.75л",12,1899,0
501272,BIALONI,"Вино Bialoni Саперави красное сухое, 0.75л",430,559,0
93451,FRONTERA,"Вино Frontera Cabernet Sauvignon красное полусухое, 0.75л",64,669,602.1
560305475,DELECTO,"Вино Delecto Verdejo Seleccion белое сухое, 0.75л",162,699,629.1
427034,ITALO CESCON,"Вино Italo Cescon Storia E Vini Merlot красное сухое, 0.75л",12,1899,0
491927546,SEPTIMA SENTIDO,"Вино Septima Sentido Verdejo белое сухое, 0.75л",18,1099,799
546071,DOMAINE DU BOIS DES CHENES,"Вино Domaine Du Bois Des Chenes красное сухое, 0.75л",7,2149,1799
402837,CHEVAL QUANCARD,"Вино Cheval Quancard Bordeaux Superior красное сухое, 0.75л",3,999,0
560305200,CHATEAU TAMAGNE,"Вино Chateau Tamagne Eno Мерло-Анчелотта красное сухое, 0.75л",213,299,0
11817847,АШЫЦ,"Вино Ашыц белое полусладкое, 0.75л",10,749,0
400428,CHATEAU TAMAGNE,"Вино Chateau Tamagne Cabernet Reserve красное сухое, 0.75л",110,779,0
576781,LA PIUMA,"Вино La Piuma Orvieto Classico белое сухое, 3л",8,2599,0
569467,LA PIUMA,"Вино La Piuma Pecorino белое сухое, 3л",12,2599,0
135310,TENUTA SANT'ANTONIO,"Вино Tenuta Sant'antonio Scaia Chardonnay белое полусухое, 0.75л",18,2199,0
521954,BARONE MONTALTO,"Вино Barone Montalto Bianco белое полусухое, 0.75л",19,799,0
491034,RAPAURA SPRINGS,"Вино Rapaura Springs Sauvignon Blanc Marlborough белое сухое, 0.75л",552,1610,1449
444662,STADLMANN,"Вино Weingut Stadlmann Riesling белое полусухое, 0.75л",12,1999,0
595643100,TRAPICHE,"Вино Trapiche Malbec красное сухое, 0.75л",6,999,899.1
160307,CASILLERO DEL DIABLO,"Вино Casillero del Diablo Merlot красное сухое, 0.75л",45,1099,989.1
532125,GENERACION,"Вино Tempore Generacion 73 Garnacha красное сухое, 0.75л",26,1499,1349.1
516828,MININI,"Вино Minini Orvieto DOC белое сухое, 0.75л",6,1259,0
531713,GENERACION,"Вино Tempore Generacion 76 Tempranillo красное сухое, 0.75л",11,1499,1349.1
595715994,WOODHAVEN,"Вино Woodhaven Cabernet Sauvignon красное полусухое, 0.75л",15,1249,1099
647506,KAGOR METEORA,"Вино Kagor Meteora красное сладкое, 0.75л",13,1399,0
605021603,FANAGORIA,"Вино Fanagoria Алиготе-Рислинг белое сухое, 0.75л",6,429,0
216011,DON SIMON,"Вино Don Simon Sangria красное сладкое, 1л",32,599,429
455653,VIU MANENT,"Вино Viu Manent Sauvignon Blanc Reserva белое сухое, 0.75л",20,1199,1079.1
493260870,MONCARO,"Вино Moncaro Lacrima красное полусухое, 0.75л",92,769,0
255158,GATO NEGRO,"Вино Gato Negro Sauvignon Blanc белое сухое, 0.75л",6,849,764.1
168198909,VINOS VALTUILLE,"Вино Vinos Valtuille Pago de Valdoneje Mencia красное сухое, 0.75л",16,1499,1349.1
119220,DONNAFUGATA,"Вино Donnafugata Sedara красное сухое, 0.75л",6,2999,1999
440333,BOUCHARD,"Вино Bouchard Aine & Fils Grand Conseiller Chardonnay белое сухое, 0.75л",63,909,0
637400,MARCO ZANATTA,"Вино Vermentino di Sardegna Marco Zanatta белое сухое, 0.75л",12,2019,0
483539,СОЛНЕЧНАЯ ДОЛИНА,"Вино ликерное Солнечная Долина Доктор красное сладкое, 0.75л",21,1629,0
633906,CHATEAU MUKHRANI,"Вино Chateau Mukhrani Rose розовое сухое, 0.75л",13,1899,1499
5228268,PROTOTYPE,"Вино Prototype Cabernet Sauvignon California Raymond красное сухое, 0.75л",40,1399,1259.1
596255503,ШУМРИНКА,"Вино Шумринка Спелая роза розовое сухое, 0.75л",7,999,799
141594,DILIGO,"Вино Diligo Pinot Grigio белое сухое, 0.75л",7,1599,0
516682,CAVANZA,"Вино Cavanza Chardonnay белое сухое, 0.75л",79,529,449
549067,PEARLY BAY,"Вино Pearly Bay красное сухое, 3л",24,1549,1394.1
393226,LUIGI BOSCA,"Вино Luigi Bosca Chardonnay белое сухое, 0.75л",10,2399,2159.1
552705,M. CHAPOUTIER,"Вино M. Chapoutier Tavel Beaurevoir розовое сухое, 0.75л",12,2299,0
402178,MARIUS BY M. CHAPOUTIER,"Вино Marius by M. Chapoutier Rose розовое сухое, 0.75л",707,999,0
413577279,KOPKE FINE,"Вино ликерное Kopke Fine Ruby Porto портвейн красное сладкое, 0.75л",42,1949,1749
605166209,АБРАУ ЭСТЕЙТС,"Вино Абрау Эстейтс розовое сухое, 0.75л",11,509,0
659977,ВЫСОКИЙ БЕРЕГ,"Вино Высокий Берег Каберне Совиньон красное сухое, 0.75л",7,649,0
111122,CRU LERMONT,"Вино Cru Lermont Cabernet Sauvignon красное сухое, 0.75л",23,719,649
581295,LUCCARELLI,"Вино Luccarelli Negroamaro Puglia красное полусухое, 0.75л",58,1879,1499
577270,KAIKEN,"Вино Kaiken Estate Sauvignon Blanc Semillon белое сухое, 0.75л",15,1499,1349.1
571409360,REAL AGRADO,"Вино Real Agrado Va! Tempranillo красное сухое, 0.75л",38,1599,1439.1
375769,CHATEAU TAMAGNE,"Вино Chateau Tamagne Premier Rouge Reserve красное сухое, 0.75л",111,779,0
637825,COTES DE PROVENCE,"Вино Cotes de Provence Carte Noire розовое сухое, 0.75л",13,2199,1999
517002,МАССАНДРА,"Вино Массандра Мадера Крымская белое сладкое, 0.75л",22,799,0
600702222,SITIO SANTO,"Вино Sitio Santo Medium Dy Vinho Verde белое полусухое, 0.75л",28,639,575.1
119641,TAVERNELLO,"Вино Tavernello красное полусухое, 1л",28,739,0
548696,JEAN DELLAC,"Вино Jean Dellac Cabernet Sauvignon красное сухое, 0.75л",478,629,0
538360,ASKANELI BROTHERS,"Вино Askaneli Brothers Rkatsiteli Qvevri Оранж белое сухое, 0.75л",150,869,729
549964,JOSEPH VERDIER,"Вино Joseph Verdier Cuvee Speciale красное сухое, 0.75л",107,729,0
504003,BIALONI,"Вино Bialoni Киндзмараули красное полусладкое, 0.75л",184,729,0
595562661,MICHELE CHIARLO,"Вино Michele Chiarlo Gavi Palas белое сухое, 0.75л",14,2099,0
10518632,ALTE ROCCHE BIANCHE,"Вино Alte Rocche Bianche Barbaresco красное сухое, 0.75л",59,2099,0
504169,BIALONI,"Вино Bialoni Ркацители-Мцване белое сухое, 0.75л",329,559,0
366949,CUSUMANO,"Вино Cusumano Syrah Terre Siciliane красное сухое, 0.75л",32,1449,0
388292,GAI KODZOR,"Вино Terroir de Gai Kodzor красное сухое, 0.75л",13,1159,0
477544,100 ОТТЕНКОВ,"Вино 100 Оттенков Саперави красное сухое, 0.75л",6,1439,0
478238,100 ОТТЕНКОВ,"Вино 100 Оттенков Каберне Совиньон красное сухое, 0.75л",15,1439,0
393493,CRU LERMONT,"Вино Fanagoria Cru Lermont Рислинг белое сухое, 0.75л",12,719,0
573234,AURAMADRE,"Вино Auramadre Pinot Gridgio белое сухое, 0.75л",12,1499,1299
581693,CANTINE POVERO,"Вино Cantine Povero Barbera d'Asti Marida красное сухое красное сухое, 0.75л",23,1799,1499
134243,VALDOURO,"Вино ликерное Valdouro Porto Vila Nova de Gaia красный сладкий, 0.75л",42,1549,1394.1
503812,VALMARONE,"Вино Valmarone Valpolicella красное сухое, 0.75л",336,959,0
139784,CHATEAU TAMAGNE,"Вино Chateau Tamagne Мерло красное полусладкое, 0.7л",15,279,0
546022,TENUTE NEIRANO,"Вино Tenute Neirano Tirteo Barbera d'Asti Superiore красное сухое, 0.75л",17,1749,1399
415256,KARAS,"Вино Karas красное сухое, 0.75л",20,1399,0
596256888,ШУМРИНКА,"Вино Шумринка Семисам красное сухое, 0.75л",6,799,699
570825,SONNENTAL,"Вино Sonnental Gewurztraminer белое полусладкое, 0.75л",18,849,0
402967,CODICI,"Вино Codici красное полусухое, 0.75л",12,699,0
491346,ANIMUS,"Вино Animus Vinho Verde белое полусухое, 0.75л",263,699,629.1
661710,CHATEAU LE GRAND VOSTOK,"Вино Chateau Le Grand Vostok Merlot красное сухое, 0.75л",12,699,0
402354,CODICI,"Вино Codici Puglia Bianco белое полусухое, 0.75л",23,699,0
185540,SCHUCHMANN,"Вино Schuchmann Saperavi красное сухое, 0.75л",4,1939,0
494933,TOMBACCO,"Вино Tombacco Aglianico del Beneventano красное полусухое, 0.75л",6,1259,0
550303601,ШАТО ПИНО,"Вино Шато Пино Шары колдуна Блаш розовое сухое, 0.75л",12,1499,0
551401,ESSE,"Вино Esse Unplugged Rkatsiteli Оранж белое сухое, 0.75л",48,1199,0
544352,NUVIANA,"Вино Codorniu Nuviana Chardonnay белое сухое, 0.75л",19,729,656.1
415472,KARAS,"Вино Karas белое сухое, 0.75л",19,1329,0
521108,CASERE,"Вино Casere Merlot Venezia красное сухое, 0.75л",155,1059,0
593725,NELEMAN,"Вино Neleman Viognier-Verdil белое сухое, 0.75л",15,1599,1199
142469,TORRES,"Вино Torres Ibericos красное сухое, 0.75л",19,1799,1399
485181626,CHATEAU D'ARCINS,"Вино Chateau D'Arcins Haut-Medoc AOP красное сухое, 0.75л",31,1999,0
581381,LUCCARELLI,"Вино Primitivo Puglia Luccarelli красное полусухое, 0.75л",44,1879,0
573047,AURAMADRE,"Вино Auramadre Primitivo красное полусухое, 0.75л",1,1499,1299
185291,SPERI,"Вино Speri Valpolicella красное сухое, 0.75л",24,1699,1099
234379,VINA REAL,"Вино Vina Real Casal Garcia Rose Vinho Verde DOC розовое полусухое, 0.75л",24,1099,989.1
375628,CHATEAU TAMAGNE,"Вино Chateau Tamagne Saperavi красное сухое, 0.75л",47,489,0
487329,МАССАНДРА,"Портвейн Массандра Алушта красный ликерный, 0.75л",18,629,0
497948,BIALONI,"Вино Bialoni Алазани белое полусладкое, 0.75л",256,419,0
497944,BIALONI,"Вино Bialoni Алазани красное полусладкое, 0.75л",279,419,0
493271710,LAVIS,"Вино Lavis Gewurztraminer белое полусухое, 0.75л",48,1499,0
455251,CHATEAU HAUT MAGINET,"Вино Chateau Haut Maginet красное сухое, 0.75л",12,1399,0
518872,CASA DEFRA,"Вино Casa Defra Colli Berici DOC Riserva красное сухое, 0.75л",208,1549,0
616517,BERONIA,"Вино Beronia Viura белое сухое, 0.75л",9,1199,1079.1
655491,CAROLINE BAY,"Вино Caroline Bay Sauvignon Blanc белое сухое, 0.75л",491,1449,0
661115,CHATEAU LE GRAND VOSTOK,"Вино Chateau Le Grand Vostok Chardonnay белое сухое, 0.75л",12,699,0
595561401,ЛЕФКАДИЯ,"Вино Лефкадия красное сухое, 0.75л",4,1649,1199
268833855,ALMA VALLEY,"Вино Alma Valley Локантита Селект красное сухое, 0.75л",70,699,599
392738,BADAGONI,"Вино Badagoni Alazani Valley белое полусладкое, 0.75л",23,669,599
576144,EL BAR ARGENTINO,"Вино El Bar Argentino Malbec красное сухое, 0.75л",157,599,539.1
2749428,DI CASPICO,"Вино Di Caspico Riesling белое сухое, 0.75л",31,479,399
593579,АЙ-ПЕТРИ,"Вино Ай-Петри Алиготе белое сухое, 0.75л",33,319,0
604934622,СИКОРЫ,"Вино Сикоры Совиньон блан белое сухое, 0.75л",14,1199,999
214361,BODEGAS ARAGONESAS,"Вино Bodegas Aragonesas Castillo de Fuendejalon Crianza красное сухое, 0.75л",96,1259,999
601434236,GOLDEN KAAN,"Вино Golden Kaan Chardonnay белое полусухое, 0.75л",12,1049,799
188947,NR,"Вино Fanagoria NR красное полусладкое, 0.75л",18,389,0
375887,CHATEAU TAMAGNE,"Вино Chateau Tamagne Cabernet красное сухое, 0.75л",25,489,0
486536,МАССАНДРА,"Портвейн Массандра Алушта белое сладкое, 0.75л",11,569,0
503209,FAUSTINO,"Вино Faustino VII Viura белое сухое, 0.75л",41,1049,944.1
571350465,CANTINA SCANSANO,"Вино Cantina Scansano Morellino Di Scansano La Rasola красное сухое, 0.75л",4,1159,0
469520,LAGUNILLA,"Вино Lagunilla Reserva красное сухое, 0.75л",117,1199,1079.1
454818,MARIPOSA,"Вино Mariposa Greta Oto Tempranillo красное сухое, 0.75л",18,649,584.1
413151254,WEINHAUS CANNIS,"Вино Weinhaus Cannis Riesling белое полусухое, 0.75л",315,939,0
522000,BARONE MONTALTO,"Вино Barone Montalto Rosso красное полусухое, 0.75л",11,799,0
420702,D'ARENBERG,"Вино d'Arenberg The Stump Jump красное сухое, 0.75л",70,1239,1115.1
410382,PEARLY BAY,"Вино Pearly Bay красное сухое, 0.75л",122,559,503.1
170058,CAVIRO,"Вино Caviro Castellino красное полусухое, 1л",12,529,0
637005,DEMUERTE,"Вино Demuerte White белое сухое, 0.75л",6,1549,1199
595563946,MISTY CLIFF,"Вино Misty Cliff Sauvignon Blanc белое полусухое, 0.75л",18,1499,1099
604906790,СКАЛИСТЫЙ БЕРЕГ,"Вино Скалистый берег Шепот цветов белое сухое, 0.75л",8,1079,0
120980,MONTEFUSCO,"Вино Montefusco Merlot красное сухое, 0.75л",26,1229,899
408553,MONTEFUSCO,"Вино Montefusco Pinot Grigio Sicilia белое сухое, 0.75л",45,1229,899
481312,TRAVERSA,"Вино Traversa Sauvignon Blanc белое сухое, 0.75л",11,899,809.1
240997102,PFAFFL,"Вино Pfaffl Vom Haus Muskateller белое полусухое, 0.75л",162,1059,0
568857,TERRE DEGLI EREMI,"Вино Terre Degli Eremi Pecorino белое сухое, 0.75л",304,759,0
379231,KRIS,"Вино Kris Pinot Grigio белое сухое, 0.75л",25,1049,0
388327,KRIS,"Вино Kris Pinot Noir красное сухое, 0.75л",16,1049,0
553121,LA SASTRERIA,"Вино La Sastreria красное сухое, 0.75л",167,869,782.1
413521949,ED KNOWS,"Вино Ed Knows Cabernet Sauvignon красное сухое, 0.75л",8,599,0
550303316,ESSE,"Вино Esse Muscat Оранж белое сухое, 0.75л",30,1199,0
595561466,LGI,"Вино LGI Unpredictable красное полусухое, 0.75л",9,1299,0
453175,MARQUES DE CACERES,"Вино Marques de caceres Excellens Viura белое сухое, 0.75л",13,1199,1079.1
521585,CASERE,"Вино Casere Pinot Grigio белое сухое, 0.75л",122,1159,0
521862,LEEUWENKUIL,"Вино Leeuwenkuil Shiraz красное сухое, 0.75л",12,899,799
595641385,TIO TOTO,"Вино Херес Tio Toto Manzanilla белое сухое, 0.75л",5,1299,1169.1
2278529,YASMIN,"Вино Yasmin Vinho Verde белое полусухое, 0.75л",30,999,899.1
604936157,СИКОРЫ,"Вино Сикоры Каберне Фран розовое сухое, 0.75л",19,1199,999
601407795,DARLING RIVER,"Вино Darling River Chardonnay белое сухое, 0.75л",7,999,0
605021578,GOLUBITSKOE,"Вино Golubitskoe Рислинг белое сухое, 0.75л",21,999,0
402347,SAN ANDREA,"Вино San Andrea Bianco белое полусладкое, 0.75л",15,699,0
500958803,MARANI,"Вино Marani Kindzmarauli красное полусладкое, 0.75л",6,899,799
612898,АЙ-ПЕТРИ,"Вино Ай-Петри Шардоне белое полусладкое, 0.75л",38,319,0
392093,СОЛНЕЧНАЯ ДОЛИНА,"Вино ликерное Солнечная Долина Приват красное сладкое, 0.75л",18,619,519
503586,FAUSTINO,"Вино Faustino Crianza Rioja DOC красное сухое, 0.75л",19,1199,1079.1
519515,TOKAJI FURMINT,"Вино Tokaji Furmint белое полусладкое, 0.75л",22,999,0
494380,TOMBACCO,"Вино Tombacco Pecorino Terre di Chieti белое полусухое, 0.75л",12,1249,0
593573,АЙ-ПЕТРИ,"Вино Ай-Петри Саперави красное сухое, 0.75л",6,319,0
401537,MARIUS BY M. CHAPOUTIER,"Вино Marius by M. Chapoutier Grenache Syrah красное сухое, 0.75л",562,999,0
469642,LAGUNILLA,"Вино Lagunilla Crianza красное сухое, 0.75л",169,999,899.1
170868,BOUCHARD,"Вино Bouchard Aine & Fils Cotes du Rhone White белое сухое, 0.75л",142,999,0
530410,LES CELLIERS JEAN D'ALIBERT,"Вино Les Celliers Jean D'alibert Le Grand Noir Chardonnay белое сухое, 0.75л",103,1099,0
495537,МАССАНДРА,"Вино Массандра Бастардо деертное красное сладкое, 0.75л",23,799,0
413580364,ROOIBERG,"Вино Rooiberg Winery Chenin Blanc белое сухое, 0.75л",11,799,719.1
595641390,LE GRAND NOIR,"Вино Le Grand Noir Rose розовое сухое, 0.75л",76,849,0
571409255,CANTINA SCANSANO,"Вино Cantina Scansano Vermentino La Rasola Maremma Toscana белое сухое, 0.75л",57,959,0
594953,ESSE,"Вино Esse Sauvignon Blanc белое сухое, 0.75л",146,719,0
49188067,MAMIKO,"Вино Алазанская Долина Mamiko Цинандали белое сухое, 0.75л",122,599,0
393649,CHATEAU DE MAUNY,"Вино Chateau De Mauny Anjou белое сухое, 0.75л",18,999,0
493357575,MANUEL QUINTANO,"Вино Manuel Quintano Q de Quintano красное сухое, 0.75л",278,949,699
503978,CA' ERNESTO,"Вино Ca' Ernesto Pinot Grigio белое сухое, 0.75л",351,699,0
535060,ESSE,"Вино Esse Cabernet Отборное красное сухое, 0.75л",163,699,0
550527841,ESSE,"Вино Esse Chardonnay Отборное белое сухое, 0.75л",200,699,0
478563,CHATEAU LA FAVIERE,"Вино Chateau La Faviere Muse Bordeaux Superieur красное сухое, 0.75л",8,969,849
411896,ВИНОДЕЛЬНЯ ВЕДЕРНИКОВЪ,"Вино Винодельня Ведерниковъ Сибирьковый белое сухое, 0.75л",12,849,0
392840,BADAGONI,"Вино Badagoni Saperavi красное сухое, 0.75л",6,839,749
514175,BADAGONI,"Вино Badagoni Tsinandali белое сухое, 0.187л",23,309,229
2277495,ВАЛЕРИЙ ЗАХАРЬИН,"Вино Валерий Захарьин Автохтонное Вино Крыма белое сухое, 0.75л",21,1199,0
2277490,ВАЛЕРИЙ ЗАХАРЬИН,"Вино Валерий Захарьин Автохтонное Вино Крыма красное сухое, 0.75л",28,1199,0
657337,ВАЛЕРИЙ ЗАХАРЬИН,"Вино Валерий Захарьин Автохтонное Вино Крыма розовое сухое, 0.75л",62,1199,0
571350390,SANTA CAROLINA,"Вино Santa Carolina Reserva Rose розовое сухое, 0.75л",17,799,719.1
550644,JOSEPH VERDIER,"Вино Joseph Verdier Cuvee Speciale Blanc белое полусладкое, 0.75л",18,729,0
592137168,RIVER COURSE,"Вино River Course Pinot Noir Rheinhessen Andreas Oster Weinkellerei красное сухое, 0.75л",26,949,0
595641440,TRAPICHE,"Вино Trapiche Chardonnay белое сухое, 0.75л",6,999,899.1
140241,TORRES,"Вино Torres San Valentin белое полусухое, 0.75л",195,899,799
603140371,SANTO STEFANO,"Напиток винный Santo Stefano Gold белое сладкое, 0.75л",156,399,0
604904019,ELETRICO VERMELHO,"Вино Eletrico Vermelho белое сухое, 0.375л",85,399,359.1
393441,CRU LERMONT,"Вино Fanagoria Cru Lermont Мерло красное сухое, 0.75л",21,719,649
571872,GAI KODZOR,"Вино Gai Kodzor Merlot красное сухое, 0.75л",9,649,0
543293,DELAMPA,"Вино Delampa Monastrel сухое красное, 0.75л",111,689,620.1
493260840,MONCARO,"Вино Moncaro Fondiglie Verdicchio белое полусухое, 0.75л",105,769,0
496324,INSOLITO,"Вино Insolito белое сухое, 0.75л",334,779,701.1
111097,NR,"Вино Fanagoria NR Каберне красное сухое, 0.75л",23,389,0
491812,TOCORNAL,"Вино Cono Sur Tocornal Sauvignon Blanс белое полусухое, 0.75л",51,799,719.1
477301,MARIPOSA,"Вино Mariposa Rosado розовое сухое, 0.75л",33,649,584.1
393008,GANDIA,"Вино Vicente Gandia El Pescaito Viura Sauvignon Blanc белое сухое, 0.75л",53,599,539.1
466877,BADAGONI,"Вино Badagoni Akhasheni красное полусладкое, 0.75л",21,849,749
577414,CAMPELO,"Вино Campelo Vinho Verde розовое сухое, 0.75л",64,809,728.1
529935,LES CELLIERS JEAN D'ALIBERT,"Вино Les Celliers Jean D'alibert Le Grand Noir Pinot Noir красное полусухое, 0.75л",116,1099,0
299619049,TRISTORIA,"Вино Tristoria Аппеласьон Каберне Фран-Мерло красное сухое, 0.75л",3,899,599
560399470,CHATEAU TAMAGNE,"Вино Chateau Tamagne Eno Каберне Совиньон-Цвайгельт розовое сухое, 0.75л",137,299,0
625797,KE-CO,"Продукция плодовая алкогольная Ke-Co Гранатовая полусладкая, 0.75л",30,239,199
463497,JOSEPH VERDIER,"Вино Joseph Verdier Cuvee Speciale Verdier Rouge Moelleux красное полусладкое, 0.75л",29,729,0
403128,SAN ANDREA,"Вино San Andrea Rosso красное полусладкое, 0.75л",23,699,0
112280,NR,"Вино Fanagoria NR Мерло красное сухое, 0.75л",27,389,0
146802,SCHUCHMANN,"Вино Schuchmann Saperavi красное сухое, 0.75л",18,819,0
585078,LA SASTRERIA,"Вино La Sastreria белое сухое, 0.75л",205,869,782.1
661025,АВТОРСКОЕ ОЛИМП,"Вино Авторское Олимп Кубань Мерло красное сухое, 0.75л",72,449,349
495309,МАССАНДРА,"Вино Массандра Херес белое сладкое, 0.75л",20,799,0
519677,PREDELLA,"Вино Predella Chianti красное сухое, 0.75л",178,749,0
193091,ARABELLA,"Вино Arabella Pinotage красное сухое, 0.75л",15,679,611.1
49091912,MAMIKO,"Вино Алазанская Долина Mamiko красное полусладкое, 0.75л",98,529,0
49091902,MAMIKO,"Вино Алазанская Долина Mamiko белое полусладкое, 0.75л",119,529,0
402578,FRONTERA,"Вино Frontera Moscato белое сладкое, 0.75л",99,669,602.1
646976,CHATEAU PINOT,"Вино Chateau Pinot Гравитация Каберне Фран-Каберне Совиньон красное сухое, 0.75л",10,659,0
375894,CHATEAU TAMAGNE,"Вино Chateau Tamagne Krasnostop Reserve красное сухое, 0.75л",120,779,0
342210128,AGORA,"Вино Agora Chardonnay белое сухое, 0.75л",8,499,0
421835,ВИНОДЕЛЬНЯ ВЕДЕРНИКОВЪ,"Вино Винодельня Ведерниковъ Ркацители белое сухое, 0.75л",25,699,629
585028,LA SASTRERIA,"Вино La Sastreria розовое сухое, 0.75л",174,869,782.1
643624,CARACTER,"Вино Caracter Cabernet Sauvignon-Malbec красное сухое, 0.75л",34,739,665.1
593600,АЙ-ПЕТРИ,"Вино Ай-Петри Каберне красное сухое, 0.75л",20,319,0
616196,ВИНОДЕЛЬНЯ ВЕДЕРНИКОВЪ,"Вино Винодельня Ведерниковъ Каберне красное сухое, 0.75л",9,699,629
595692337,KHOROVATS,"Вино Khorovats Kangun-Voskeat белое сухое, 0.75л",104,649,499
655696,ЧЕГЕМ,"Вино Чегем красное сухое, 0.75л",181,,499
595695647,KHOROVATS,"Вино Khorovats Areni-Karmrayut красное сухое, 0.75л",6,689,499
493260845,MONCARO,"Вино Moncaro Montescuro Conero Riserva красное сухое, 0.75л",20,899,0
548699,JEAN DELLAC,"Вино Jean Dellac Sauvignon Blanc белое сухое, 0.75л",766,669,0
109247,FELIX SOLIS,"Вино Felix Solis Vina Lanzar Bianco белое сухое, 1л",25,559,503.1
488695,RAMA CORTA,"Вино Rama Corta Crianza Tempranillo красное сухое, 0.75л",538,599,0
543326,RIGO RIGO,"Вино Rigo Rigo Chenin Blanc белое сухое, 0.75л",22,779,701.1
595561396,ESCAPE,"Вино Escape Chardonnay белое полусухое, 0.75л",9,829,599
299619039,TRISTORIA,"Вино Tristoria Аппеласьон Каберне-Совиньон сира красное сухое, 0.75л",2,899,599
268941930,ALMA VALLEY,"Вино Alma Valley Локантита Селект белое сухое, 0.75л",14,699,599
115138953,ED KNOWS,"Вино Ed Knows Merlot Rose розовое сухое, 0.75л",106,599,0
574164097,EL BAR ARGENTINO,"Вино El Bar Argentino Malbec Rose розовое сухое, 0.75л",101,599,539.1
199332,SCHUCHMANN,"Вино Schuchmann Alazani Valley красное полусладкое, 0.75л",20,689,0
660147,ВЫСОКИЙ БЕРЕГ,"Вино Высокий Берег Мерло красное сухое, 0.75л",41,649,0
521736,CAVINO,"Вино Cavino Ionos красное сухое, 0.75л",31,759,569
413521739,ФЛЕЙТА ПОЗВОНОЧНИК,"Вино Флейта позвоночник Шардоне Алиготе белое сухое, 0.75л",3,569,449
413580374,ФЛЕЙТА ПОЗВОНОЧНИК,"Вино Флейта позвоночник Мускат Рислинг белое сухое, 0.75л",5,569,449
410462,PEARLY BAY,"Вино Pearly Bay белое сухое, 0.75л",123,559,503.1
11817747,РИГЗА,"Вино Ригза красное полусладкое, 0.75л",13,749,0
501989328,MARANI,"Вино Marani Saperavi красное сухое, 0.75л",9,679,549
604905150,RIGO RIGO,"Вино Rigo Rigo Pinotage красное сухое, 0.75л",12,699,629.1
594639,ESSE,"Вино Esse Rkatsiteli белое сухое, 0.75л",147,699,0
172590,DON SIMON,"Вино Don Simon белое сухое, 1л",50,679,611.1
660707,ВЫСОКИЙ БЕРЕГ,"Вино Высокий Берег Цвайгельт розовое сухое, 0.75л",16,649,0
560305205,AGORA,"Вино Agora Riesling белое полусухое, 0.75л",9,459,0
501989278,MARANI,"Вино Алазанская Долина Marani белое полусладкое, 0.75л",10,659,0
403258073,ALMA RIVER,"Вино Alma River Pinot Noir-Cabernet Sauvignon-Cabernet красное сухое, 0.75л",10,549,449
49188082,ED KNOWS,"Вино Ed Knows Chardonnay белое сухое, 0.75л",23,599,0
548700,ALAZANI,"Вино Alazani Алазанская долина белое полусладкое, 0.75л",133,529,0
268253330,ALMA VALLEY,"Вино Alma Valley Локантита красное сухое, 0.75л",115,489,439
2749383,DI CASPICO,"Вино Di Caspico Merlot красное сухое, 0.75л",23,479,0
604902484,ELETRICO VERMELHO,"Вино Eletrico Vermelho розовое сухое, 0.375л",83,399,359.1
471689,CODICI,"Вино Codici Rosato Puglia розовое полусухое, 0.75л",14,699,0
413147954,AZABRAU,"Вино Azabrau Баяншира белое сухое, 0.75л",10,509,0
413147949,AZABRAU,"Вино Azabrau Мадраса сухое красное, 0.75л",10,509,0
605167574,АБРАУ ЭСТЕЙТС,"Вино Абрау Эстейтс Достойный красное сухое, 0.75л",10,509,0
548592,ALAZANI,"Вино Alazani Saperavi красное сухое, 0.75л",105,599,0
126588798,ED KNOWS,"Вино Ed Knows Merlot красное сухое, 0.75л",75,599,0
661775,АВТОРСКОЕ ОЛИМП,"Вино Авторское Олимп Кубань Виорика белое сухое, 0.75л",24,399,349
517138,CAVANZA,"Вино Cavanza Sauvignon blanc белое сухое, 0.75л",31,529,449
429393,CHATEAU TAMAGNE,"Вино Chateau Tamagne Chardonnay белое сухое, 0.75л",34,469,0
217260,FANAGORIA,"Вино Fanagoria Авторское вино Каберне-Саперави красное сухое, 0.75л",207,429,0
605000155,FANAGORIA,"Вино Fanagoria Авторское вино Шардоне-Алиготе белое сухое, 0.75л",1,429,0
204640,FELIX SOLIS,"Вино Felix Solis Vina Lanzar Tinto красное сухое, 1л",55,559,503.1
593523,АЙ-ПЕТРИ,"Вино Ай-Петри Саперави красное полусладкое, 0.75л",19,319,0
601655619,KAFFA,"Вино Kaffa Мускат белое сухое, 0.75л",96,479,399
550303421,АГДАМ,"Вино Агдам ликерное портвейн белое сладкое, 0.75л",18,399,0
2749418,DI CASPICO,"Вино Di Caspico розовое сухое, 0.75л",24,479,399
483460,СОЛНЕЧНАЯ ДОЛИНА,"Вино Солнечная Долина Каберне красное сухое, 0.75л",36,509,469
375709,CHATEAU TAMAGNE,"Вино Chateau Tamagne Каберне красное сухое, 0.7л",17,279,0
593602,АЙ-ПЕТРИ,"Вино Ай-Петри Бастардо красное сухое, 0.75л",22,319,0
618242,АЙ-ПЕТРИ,"Вино Ай-Петри Бастардо красное полусладкое, 0.75л",36,319,0
448105982,Без бренда,"Вино Винзавод Юровский Мерло красное сухое, 1л",12,189,0
550528811,CHATEAU DE CAMENSAC,"Вино Chateau de Camensac Haut-Medoc красное сухое, 0.75л",13,5899,0
550528841,ECHO DE LYNCH BAGES,"Вино Echo de Lynch Bages Pauillac AOC красное сухое, 0.75л",15,7899,0
550328126,CHATEAU POTENSAC,"Вино Chateau Potensac Chapelle de Potensac Medoc красное сухое, 0.75л",20,2599,0
550328121,CHATEAU DU TERTRE,"Вино Chateau du Tertre Les Hauts Margaux красное сухое, 0.75л",20,4399,0
583415,CHARTRON ET TREBUCHET,"Вино Chartron et Trebuchet Petit Chablis белое сухое, 0.75л",13,3599,0
544938,CANTINA CELLARO,"Вино Cantina Cellaro Vanita Nero красное полусухое, 0.75л",9,2569,1999
616109,BODEGAS MUGA,"Вино Bodegas Muga Reserva Rioja красное сухое, 0.75л",18,4999,4499.1
581065,CRANSWICK LAKEFIELD,"Вино Cranswick Lakefield Chardonnay белое сухое, 0.75л",5,1359,1223.1
577272,MONTES,"Вино Montes Cabernet Sauvignon красное сухое, 0.75л",11,1499,1349.1
594902,ADRIEN VACHER,"Вино Adrien Vacher Chardonnay Cuvee Reservee белое сухое, 0.75л",2,1499,0
625087,CHATEAU MUKHRANI,"Вино Chateau Mukhrani Grappe Noire красное сухое, 0.75л",13,1899,1399
49188072,PFEFFERER,"Вино Pfefferer Pink розовое сухое, 0.75л",115,2199,0
617952,ВИНОДЕЛЬНЯ ВЕДЕРНИКОВЪ,"Вино Винодельня Ведерниковъ Губернаторское розовое сухое, 0.75л",19,699,629
625952,CHATEAU MUKHRANI,"Вино Chateau Mukhrani Saperavi Superior красное сухое, 0.75л",20,1649,1299
595561426,CASAMATTA,"Вино Casamatta Bibi Graetz Rosso красное сухое, 0.75л",6,2999,0
595563951,CASAMATTA,"Вино Casamatta Bibi Graetz Bianco белое сухое, 0.75л",6,2999,0
49188077,ED KNOWS,"Вино Ed Knows Sauvignon Blanc белое сухое, 0.75л",29,599,0
448200,TASSINAIA,"Вино Tassinaia Castello del Terriccio красное сухое, 0.75л",4,5299,0
512155,ZULL,"Вино Zull Weinviertel DAC Gruner Veltliner белое сухое, 0.75л",11,1899,0
360723,CASA SANTOS,"Вино Casa Santos Lima Opaco красное сухое, 0.75л",1,3129,2816.1
548634,ALAZANI,"Вино Alazani Rkatsiteli белое сухое, 0.75л",170,559,0
552900,DOMAINE DE LA PAILLARDIERE,"Вино Domaine De La Paillardiere Brouilly красное сухое, 0.75л",70,2099,0
365857,ARGENTIERA,"Вино Argentiera Poggio ai Ginepri белое сухое, 0.75л",29,3599,0
519042,CLAROSCURO,"Вино Claroscuro Chardonnay белое сухое, 0.75л",11,1269,1142.1
604952665,TORO,"Вино Sangre de Toro Reserva Tempranillo красное сухое, 0.75л",8,1679,1511.1
223278,MARQUES DE CACERES,"Вино Marques de caceres розовое сухое, 0.75л",18,1249,1124.1
413521734,KOUASH,"Вино Manukyan Wine Kouash белое сухое, 0.75л",8,1299,999
593996,NELEMAN,"Вино Neleman Bobal Valencia красное сухое, 0.75л",10,2579,1899
595034,ADRIEN VACHER,"Вино Adrien Vacher Mondeuse Saint Jean De La Porte красное сухое, 0.75л",3,2399,0
557512218,GERARD BERTRAND,"Вино Gerard Bertrand Gio белое сухое, 0.75л",198,999,899
550291941,ШАТО ПИНО,"Вино Шато Пино Шары колдуна Тройничок белое сухое, 0.75л",10,2199,0
360747,DE WETSHOF,"Вино De Wetshof Danie de Wet Chardonnay белое сухое, 0.75л",14,919,827.1
361105,CLOS QUEBRADA DE MACUL,"Вино Clos Quebrada De Macul Penalolen Cabernet Sauvignon белое сухое, 0.75л",9,1399,1259.1
511836,HERMIT CRAB,"Вино Hermit Crab белое сухое, 0.75л",20,2199,1979.1
483731221,CHATEAU MONTLABERT,"Вино Chateau Montlabert St Emilion Grand Cru красное сухое, 0.75л",46,2999,0
257408300,KAAPZICHT,"Вино Kaapzicht Chenin Blanc белое сухое, 0.75л",16,1449,1304.1
89763543,ARZUAGA,"Вино Amaya Arzuaga Ribera красное сухое в подарочной упаковке, 0.75л",6,19499,17549.1
483453,CASTILLO PERELADA,"Вино Castillo Perelada 5 Fincas Reserva красное сухое, 0.75л",6,2099,1889.1
413580359,ROOIBERG,"Вино Rooiberg Winery Colombar белое полусухое, 0.75л",15,799,719.1
216426,VILLA ANTINORI,"Вино Villa Antinori Bianco белое сухое, 0.375л",16,1659,1299
604941394,ROOIBERG,"Вино Rooiberg Natural Sweet красное сладкое, 0.75л",17,889,800.1
360708,DE WETSHOF,"Вино De Wetshof Danie de Wet Cabernet Sauvignon-Merlot красное сухое, 0.75л",25,919,827.1
534716,SCHUCHMANN,"Вино Schuchmann Kisi белое сухое, 0.75л",7,1699,0
413151099,СУХАЯ ГОРА,"Вино Сухая Гора Шираз Каберне Совиньон красное сухое, 0.75л",9,879,649
176463,VILLA ANTINORI,"Вино Villa Antinori Rosso красное сухое, 0.375л",5,2359,0
562289,DOMEN DES MALANDES,"Вино Domen Des Malandes Chablis Grand Cru Vaudesir белое сухое, 0.75л",5,12999,0
595561471,DUO DU MIDI,"Вино Duo du Midi Malbec-Cabernet Franc красное полусухое, 0.75л",6,1149,0
595643105,DOMAINE DENIS RACE,"Вино Domaine Denis Race Chablis белое сухое, 0.75л",19,2599,0
604950975,LOPEZ DE HARO,"Вино Hacienda Lopez de Haro Blanco белое сухое, 0.75л",17,819,737.1
549004,PEARLY BAY,"Вино Pearly Bay белое сухое, 3л",20,1549,1394.1
560499955,DELECTO,"Вино Delecto Roble Toro красное полусухое, 0.75л",95,619,557.1
539644,KREMS,"Вино Stadt Krems Domane Krems Gruner Veltliner белое сухое, 0.75л",8,1939,0
532065,NINO DE LAS UVAS,"Вино Nino De Las Uvas Tinto красное сухое, 0.75л",6,929,836.1
577344,MONTES,"Вино Montes Sauvignon Blanc белое сухое, 0.75л",6,1549,1394.1
576941,FIRRIATO,"Вино Firriato Branciforti dei Bordonaro Catarratto белое сухое, 0.75л",17,1799,1399
601654414,СОЛНЦЕ ЮГА,"Вино Солнце Юга красное сухое, 0.75л",279,299,249
601653264,СОЛНЦЕ ЮГА,"Вино Солнце Юга красное полусладкое, 0.75л",327,299,249
560499945,DELECTO,"Вино Delecto Toro Alta Expression красное полусухое, 0.75л",223,899,809.1
605168974,VALLEE LOIRE,"Вино Vallee Loire Saumur Cabernet Franc красное сухое, 0.75л",96,1169,0
512567,GANDIA,"Вино Vicente Gandia El Miracle Mariscal красное сухое, 0.75л",6,999,899.1
661035,CHATEAU LE GRAND VOSTOK,"Вино Chateau Le Grand Vostok Aligote белое сухое, 0.75л",7,699,0
595643095,VALDESPINO,"Вино Херес Valdespino Contrabandista Amontillado белое полусухое, 0.75л",8,3199,2879.1
448081227,Без бренда,"Вино Винзавод Юровский Шардоне белое сухое, 1л",12,189,0
595562666,SANTA CRISTINA,"Вино Santa Cristina Bianco Umbria белое сухое, 0.75л",10,1499,0
494957,KELLEREI AUER,"Вино Kellerei Auer Gewurztraminer белое сухое, 0.75л",11,2929,2299
518284,CHATEAU VIEUX ROBIN,"Вино Chateau Vieux Robin красное сухое, 0.75л",9,3199,0
369005408,CUSUMANO,"Вино Cusumano Lucido Sicilia DOC белое сухое, 0.75л",10,1449,0
413151084,KOUASH,"Вино Manukyan Wine Kouash красное сухое, 0.75л",7,1299,999
454983686,PACO&LOLA,"Вино Paco&Lola Albarino белое сухое, 0.75л",6,2999,2699.1
571718318,CANTINA SCANSANO,"Вино Cantina Scansano Governo All'Uso Toscano Sangiovese красное полусухое, 0.75л",202,1159,0
403509128,LOUIS DAILLY,"Вино Louis Dailly Pouilly-Fuisse белое сухое, 0.75л",34,3799,0
413151094,ROOIBERG,"Вино Rooiberg Winery Pinotage красное сухое, 0.75л",7,799,719.1
604544,INSOLITO,"Вино Insolito Reserva белое сухое, 0.75л",478,1199,1079.1
553194,CHANTALOUETTE,"Вино Domaine de Chantalouette белое сладкое, 0.75л",15,2199,0
580717,CHATEAU LA PETITE BORIE,"Вино Chateau La Petite Borie красное сухое, 0.75л",13,1399,0
531867,1565 BARONIE DE CASTRIES,"Вино Vignobles Vellas 1565 Baronie de Castries Languedoc красное сухое, 0.75л",5,1999,1799
183132,BISQUERTT,"Вино Bisquertt Petirrojo sauvignon blanc белое сухое, 0.75л",18,1459,1099
472201,ALBERT BICHOT,"Вино Albert Bichot Brouilly красное сухое, 0.75л",13,2199,0
546355,THE LACKEY,"Вино The Lackey Riesling белое сухое, 0.75л",8,1829,1646.1
505393,NASTL,"Вино Weingut Nastl Gruner Veltliner Klassik белое сухое, 0.75л",8,1999,0
605166194,BOURGUEIL,"Вино Cornelius Bourgueil красное сухое, 0.75л",96,2699,0
472377,ALBERT BICHOT,"Вино Albert Bichot Chablis AOC белое сухое, 0.75л",37,3159,0
531595,HENRI EHRHART,"Вино Henri Ehrhart Pinot Gris белое полусухое, 0.75л",15,1999,0
568291,GULFSTREAM,"Вино Gulfstream Cabernet Sauvignon-Shiraz Chateau красное сухое, 0.75л",5,1669,1502.1
593838,NELEMAN,"Вино Neleman Chardonnay-Muscat белое сухое, 0.75л",12,1599,1199
583706,PARAJES DEL VALLE,"Вино Parajes del Valle красное сухое, 0.75л",7,1359,1223.1
583735,CANTINE POVERO,"Вино Cantine Povero Barbaresco Batu красное сухое, 0.75л",17,3999,3299
403257998,LOUIS DAILLY,"Вино Louis Dailly Pinot Noir Bourgogne красное сухое, 0.75л",60,2299,0
584260,AVES DEL SUR,"Вино Aves del Sur Carmenere красное сухое, 0.75л",23,939,845.1
640166,SYLVAIN BAILLY,"Вино Sylvain Bailly Sancerre белое сухое, 0.75л",4,4599,3499
566107,VECCHIA CANTINA,"Вино Vecchia Cantina Riserva красное сухое, 0.75л",14,2299,0
206554,LE CUPOLE,"Вино Tenuta di Trinoro Le Cupole красное сухое, 0.75л",6,7499,0
391382,VENTISQUERO,"Вино Ventisquero Queulat Carmenere красное сухое, 0.75л",8,1899,1499
469603,LAGUNILLA,"Вино Lagunilla Tempranillo красное сухое, 0.75л",161,929,836.1
490853,BATUTA,"Вино Batuta Airen белое сухое, 0.75л",3,599,539.1
114448,PAUL JABOULET AINE,"Вино Paul Jaboulet Aine Parallele 45 Rouge Cotes du Rhone красное сухое, 0.75л",14,2319,0
145673,SCHUCHMANN,"Вино Schuchmann Alazani Valley белое полусладкое, 0.75л",13,769,0
395805,DEZZANI,"Вино Dezzani Barbaresco DOCG красное сухое, 0.75л",2,2999,0
395677,VOSKEVAZ,"Вино Voskevaz белое сухое, 0.75л",6,769,0
545168,CANTINA CELLARO,"Вино Cantina Cellaro Luma Syrah красное полусухое, 0.75л",37,1869,1399
420950,D'ARENBERG,"Вино d'Arenberg The Stump Jump White белое сухое, 0.75л",35,1239,1115.1
129702,TENUTA SANT'ANTONIO,"Вино Tenuta Sant'antonio Nanfre Valpolicella красное полусухое, 0.75л",7,2499,0
520969,INSOLITO,"Вино Insolito Reserva красное сухое, 1.5л",73,2459,2213.1
553487,TOKAJI DERESZLA,"Вино Tokaji Dereszla Muskotaly белое полусухое, 0.75л",15,1269,0
554847,CINCINNATO,"Вино Cincinnato Polluce Nero Buono красное сухое, 0.75л",4,2039,0
574554,POLIZIANO,"Вино Poliziano Chianti Colli Senesi красное сухое, 0.75л",10,1999,0
566234,VECCHIA CANTINA,"Вино Vecchia Cantina красное сухое, 0.75л",8,1799,0
519329,BATUTA,"Вино Batuta Rosado розовое cухое, 3л",90,1999,1799.1
521030,CASERE,"Вино Casere Refosco dal Peduncolo Rosso Lison Pramaggiore красное сухое, 0.75л",1,1059,0
470336,VINA VENTISQUERO,"Вино Vina Ventisquero Clasico Ventisquero Merlot красное сухое, 0.75л",7,1099,799
469686,CHATEAU LA GRAVETTE,"Вино Chateau La Gravette красное сухое, 0.75л",50,1399,0
178981,ERSTE & NEUE,"Вино Erste & Neue Kellerei Mezzan Gewurztraminer белое сухое, 0.75л",11,2999,2199
548498,ALAZANI,"Вино Alazani Tsinandali белое сухое, 0.75л",98,579,0
393688,ARABELLA,"Вино Arabella Chenin Blanc белое сухое, 0.75л",14,679,611.1
469878,DOPFF,"Вино Dopff & Irion Cuvee Rene Dopff Gewurztraminer белое полусухое, 0.75л",11,2549,1999
393732,EL PESCAITO,"Вино Vicente Gandia El Pescaito Bobal-Cabernet Sauvignon красное сухое, 0.75л",21,599,539.1
134398,MONTES,"Вино Montes Reserva Merlot красное сухое, 0.75л",11,1549,1394.1
241655,CHATEAU BEAUMONT,"Вино Chateau Beaumont Chateau d'Arvigny Haut-Medoc красное сухое, 0.75л",11,2799,0
478573,LUCIEN ALBRECHT,"Вино Lucien Albrecht Riesling Gewurztraminer Reserve полусухое белое, 0.75л",8,1649,0
538049,SOMMELIER,"Вино Sommelier Blauer Zweigelt красное сухое, 1л",257,999,0
469916,MARQUES DE RISCAL,"Вино Herederos del Marques De Riscal Rueda Verdejo белое сухое, 0.75л",8,1899,1709.1
469729,CHATEAU L'EGLISE,"Вино Chateau L'eglise красное сухое, 0.75л",14,1199,0
395685,DEZZANI,"Вино Dezzani La luna Stelle красное сухое, 0.75л",5,1899,0
133857,MASCIARELLI,"Вино Masciarelli Trebbiano d'Abruzzo белое сухое, 0.75л",25,1599,0
531662,PERLES D'ARGENT,"Вино Perles D'argent Picpoul белое сухое, 0.75л",6,1549,0
117703,MARTIN CODAX,"Вино Martin Codax Albarino белое сухое, 0.75л",24,2399,1999
546859,CANTINA CELLARO,"Вино Cantina Cellaro Luma Grillo белое сухое, 0.75л",62,1869,1399
546464,JEAN BOUCHARD,"Вино Jean Bouchard Chablis белое сухое, 0.75л",12,4899,3499
249763,DI LENARDO,"Вино Di Lenardo Sauvignon Blanc белое сухое, 0.75л",18,1519,1199
604950980,LOPEZ DE HARO,"Вино Hacienda Lopez de Haro Tempranillo красное сухое, 0.75л",12,819,737.1
601245523,LETH,"Вино Leth Young & Fresh Zweigelt Rose розовое сухое, 0.75л",18,1399,0
548019,NUVIANA,"Вино Nuviana Rosado розовое сухое, 0.75л",16,729,656.1
470469,DOPFF,"Вино Dopff Riesling белое сухое, 0.75л",6,1999,1599
438546,GANDIA,"Вино Vicente Gandia El Pescaito Bobal-Grenache Rose розовое сухое, 0.75л",47,599,539.1
241172,PORCA DE MURCA,"Вино Porca de Murca белое сухое, 0.75л",30,1199,1079.1
455474,VIU MANENT,"Вино Viu Manent Estate Collection Reserva Malbec красное сухое, 0.75л",11,1199,1079.1
496121,INSOLITO,"Вино Insolito красное полусухое, 0.75л",169,779,701.1
393616,MARCEL MARTIN,"Вино Marcel Martin La Jaglerie Rose d'Anjou розовое полусухое, 0.75л",8,1499,0
494491,CERRO DE LA CRUZ,"Вино Cerro De La Cruz белое сухое, 1л",103,599,539.1
550975,NUVIANA,"Вино Nuviana Tempranillo-Cabernet Sauvignon красное сухое, 0.75л",14,729,656.1
116422,JERMANN,"Вино Jermann Pinot Grigio белое сухое, 0.75л",7,4699,3499
525160,BADET CLEMENT,"Вино Badet Clement Les Jamelles Sauvignon Blanc белое сухое, 0.75л",26,1549,0
601654364,ROCKY GULLY,"Вино Rocky Gully Cabernets красное сухое, 0.75л",12,2099,1889.1
583696,CHATEAU PEYBONHOMME,"Вино Chateau Peybonhomme Les Tours белое сухое, 0.75л",10,2299,0
594686,DOMAINE DES MIMOSAS,"Вино Domaine des Mimosas красное сухое, 0.75л",34,2399,0
563396,DI LENARDO,"Вино Di Lenardo Cabernet Venezia Giulia IGT красное сухое, 0.75л",9,1519,0
531810,BADABADOK,"Вино Badabadok красное сухое, 0.75л",11,3599,3239.1
577430,MASSERIE PIZARI,"Вино Masserie Pizari Primitivo красное полусухое, 0.75л",22,2269,0
616508,MASSERIE PIZARI,"Вино Masserie Pizari Negroamaro красное полусухое, 0.75л",17,2269,0
630468,MONTAGNE,"Вино Montagne Saint-Emilion красное сухое, 0.75л",12,2239,0
444066,TERRE DA VINO,"Вино Terre da Vino Paesi Tuoi Barolo красное сухое, 0.75л",7,4999,0
515514,EL VINCULO CRIANZA,"Вино Alejandro Fernandez El Vinculo Crianza красное сухое, 0.75л",5,2599,1999
550328131,CHATEAU POTENSAC,"Вино Chateau Potensac Medoc красное сухое, 0.75л",8,4599,0
550528806,CHATEAU MALARTIC-LAGRAVIERE,"Вино Chateau Malartic-Lagraviere Le Comte de Malartic Pessac-Leognan rouge красное сухое, 0.75л",3,3899,0
592329683,KACHA VALLEY,"Вино Kacha Valley долинное красное сухое, 0.75л",5,3999,0
592190802,KACHA VALLEY,"Вино Kacha Valley долинное белое сухое, 0.75л",5,3999,0
550328116,LA CLOSERIE DE CAMENSAC,"Вино La Closerie de Camensac Haut-Medoc красное сухое, 0.75л",21,2399,0
550528816,CHATEAU CANTEMERLE,"Вино Chateau Cantemerle Haut-Medoc красное сухое, 0.75л",13,5399,0
581285,CRANSWICK LAKEFIELD,"Вино Cranswick Lakefield Shiraz красное сухое, 0.75л",12,1389,1250.1
601654529,СОЛНЦЕ ЮГА,"Вино Солнце Юга белое полусладкое, 0.75л",372,299,249
550303606,ШАТО ПИНО,"Вино Шато Пино Шары колдуна Кирпичи Прилетели красное сухое, 0.75л",11,1499,0
413521729,KOUASH,"Вино Manukyan Wine Kouash розовое сухое, 0.75л",7,1369,1059
578867,SOHM & KRACHER,"Вино Sohm & Kracher Lion Gruner Veltliner белое сухое, 0.75л",4,2999,0
11728333,ALAZANI,"Вино Alazani Marani Tsinandali белое сухое, 0.75л",14,999,769
518241,FEUDO MACCARI,"Вино Feudo Maccari Nero d'Avola красное сухое, 0.75л",8,2499,0
595450747,NOUVELLE VAGUE,"Вино Nouvelle Vague Bordeaux белое сухое, 0.75л",81,949,0
637870,CHATEAU TOURNEBRISE,"Вино Chateau Tournebrise красное сухое, 0.75л",8,2899,0
401351803,LOUIS DAILLY,"Вино Louis Dailly Vire-Clesse белое сухое, 0.75л",77,2299,0
10518412,ALTE ROCCHE BIANCHE,"Вино Alte Rocche Bianche Riserva Barolo красное сухое, 0.75л",99,3999,0
560305595,DELECTO,"Вино Delecto Roble Ribera del Duero красное сухое, 0.75л",24,959,863.1
360933,DE WETSHOF,"Вино De Wetshof Naissance Cabernet Sauvignon красное сухое, 0.75л",11,2229,2006.1
605019973,CLAUS JACOB,"Вино Edition Terroir by Claus Jacob Sauvignon Blanc Kalkstein белое полусухое, 0.75л",186,1199,0
595451932,NOUVELLE VAGUE,"Вино Nouvelle Vague Bordeaux розовое сухое, 0.75л",221,949,0
519078,IL ROCCHIN,"Вино Il Rocchin Gavi белое сухое, 0.75л",36,1559,0
403258103,ALMA RIVER,"Вино Alma River Chardonnay-Rkatsiteli-Traminer белое полусладкое, 0.75л",6,549,449
605029497,GLUHWEIN,"Напиток винный Gluhwein Felix Solis красное сладкое, 0.75л",585,799,719.1
605167619,VALLEE LOIRE,"Вино Vallee Loire Vouvray Chenin Blanc белое полусухое, 0.75л",59,1599,0
518807,FEUDO MACCARI,"Вино Feudo Maccari Olli Grillo белое сухое, 0.75л",15,2499,0
461300,TENUTA SANT'ANTONIO,"Вино Tenuta Sant'antonio Il Bianco белое полусухое, 0.75л",11,2399,0
157978,HUGEL,"Вино Hugel Gentil белое сухое, 0.75л",6,2799,0
250149,CUNE,"Вино Cune Verdejo Rueda белое сухое, 0.75л",20,1769,1592.1
250191,CUNE,"Вино Cune Crianza красное сухое, 0.75л",49,1999,1799.1
470494,CASARENA,"Вино Casarena 505 Malbec красное сухое, 0.75л",16,1299,1169.1
469426,LUPE-CHOLET,"Вино Lupe-Cholet Nuits-Saint-Georges красное сухое, 0.75л",6,8499,0
448153,TILENUS,"Вино Bodegas Estefania Tilenus Pagos de Posada красное сухое, 0.75л",6,4299,3869.1
604998144,HERESIE,"Вино Heresie Corbieres красное сухое, 0.75л",216,1799,1599
141484,CASTELLARE,"Вино Castellare di Castellina Chianti Classico красное сухое, 0.75л",12,2499,1799
171400,BODEGAS SANTA ANA,"Вино Bodegas Santa Ana Caracter Chardonnay-Chenin белое сухое, 0.75л",23,739,665.1
531960,MEDUSA VIOGNIER,"Вино Medusa Viognier белое сухое, 0.75л",12,1559,1299
205690,MARQUES DE RISCAL,"Вино Herederos del Marques De Riscal Reserva красное сухое, 0.75л",7,3599,3239.1
490965,CERRO DE LA CRUZ,"Вино Cerro De La Cruz красное сухое, 1л",8,599,539.1
538383,ASKANELI BROTHERS,"Вино Askaneli Brothers Rkatsiteli Qvevri Оранж белое сухое, 0.75л",12,799,0
534569,DOMAINE NAUDET,"Вино Domaine Naudet Sancerre белое сухое, 0.75л",8,2699,0
555631,PR,"Вино PR Mediterranee розовое сухое, 0.75л",78,959,0
492147,CATENA ZAPATA,"Вино Catena Zapata Chardonnay белое сухое, 0.75л",11,2999,2699.1
547958,M. CHAPOUTIER,"Вино M. Chapoutier Chateauneuf du Pape La Bernardine красное сухое, 0.75л",5,6399,0
395468,VINA REAL,"Вино Vina Real Crianza красное сухое, 0.75л",48,1799,1499
519038,MATTEO BRAIDOT,"Вино Matteo Braidot Pinot Grigio белое сухое, 0.75л",13,1789,0
374536,GAI KODZOR,"Вино Gai Kodzor Mourvedre-Syrah красное сухое, 0.75л",6,949,0
363174,PETIRROJO,"Вино Petirrojo Carmenere Reserve Colchagua Valley DO красное сухое, 0.75л",17,1599,1359
626237,CHATEAU MUKHRANI,"Вино Chateau Mukhrani Rkatsiteli Superieur белое сухое, 0.75л",10,1599,1199
89676043,RABL,"Вино Rabl Riesling белое сухое, 0.75л",24,1629,0
601653419,GNARLY HEAD,"Вино Gnarly Head Chardonnay белое сухое, 0.75л",6,1999,1799.1
152095,QUERCIABELLA,"Вино Querciabella Chianti Classico красное сухое, 0.75л",5,3499,0
582855,CARPINETO,"Вино Carpineto Vino Nobile Riserva красное сухое, 0.75л",9,4189,0
403258018,LOUIS DAILLY,"Вино Louis Dailly Mercurey белое сухое, 0.75л",77,3799,0
594099,CANNETO,"Вино Canneto Vino Nobile di Montepulciano красное сухое, 0.75л",9,4119,0
369005353,CUSUMANO,"Вино Cusumano Disueri Sicilia DOC красное сухое, 0.75л",8,2449,1799
626257,CHATEAU MUKHRANI,"Вино Chateau Mukhrani Kindzmarauli красное полусладкое, 0.75л",17,2099,0
604940079,KOPKE,"Вино Kopke Porto портвейн 20 лет в подарочной упаковке, 0.75л",4,6719,6047.1
639436,GUERRIERI RIZZARDI,"Вино Guerrieri Rizzardi Bardolino Classico красное сухое, 0.75л",13,2199,1699
413520464,VILLA ANTINORI,"Вино Villa Antinori Chianti Classico Riserva красное сухое, 0.75л",7,4599,0
485176561,CAPARZO,"Вино Caparzo Rosso di Montalcino красное сухое, 0.75л",8,2499,1999
403258003,LOUIS DAILLY,"Вино Louis Dailly Cotes de Beaune-Villages красное сухое, 0.75л",77,3399,0
594563,CHATEAU HAUT BRETON LARIGAUDIERE,"Вино Chateau Haut Breton Larigaudiere Margaux красное сухое, 0.75л",30,4399,0
454872931,PACO&LOLA,"Вино Paco&Lola №12 Albarino белое полусухое, 0.75л",12,2449,1999
640196,LI VELI,"Вино Li Veli Contrade Chardonnay белое сухое, 0.75л",13,2299,1699
548702,ALAZANI,"Вино Alazani Saperavi Premium красное сухое, 0.75л",247,889,0
595451292,NOUVELLE VAGUE,"Вино Nouvelle Vague Bordeaux красное сухое, 0.75л",236,949,0
106910,VILLA ANTINORI,"Вино Villa Antinori La Braccesca Vino Nobile di Montepulciano DOCG красное сухое, 0.75л",8,3899,0
549756,PRA,"Вино Graziano Pra Staforte Soave Classico DOC белое сухое, 0.75л",7,3199,0
534279,DOMAINE THUNEVIN-CALVET,"Вино Domaine Thunevin-Calvet Cuvee Constance красное сухое, 0.75л",19,1199,0
259100,MARTIN CODAX,"Вино Martin Codax Cuatro Pasos красное сухое, 0.75л",7,1649,1399
253172,ARZUAGA,"Вино Arzuaga Fan D'Oro белое сухое, 0.75л",10,3399,2499
595540078,LGI,"Вино LGI Tenebres красное полусухое, 0.75л",4,1299,0
144925,CUSUMANO,"Вино Cusumano Nero D'Avola Sicilia красное сухое, 0.75л",32,1529,0
548022,TABORDET,"Вино Tabordet Pouilly Fume белое сухое, 0.75л",11,2599,0
600702237,SITIO SANTO,"Вино Sitio Santo Classico Vinho Verde белое полусухое, 0.75л",69,699,629.1
218334,CUMA,"Вино Cuma Malbec красное сухое, 0.75л",7,1049,944.1
531709,MAX LION,"Вино Max Lion Grenache красное сухое, 0.75л",1,1559,0
469899,CASARENA,"Вино Casarena 505 Chardonnay белое сухое, 0.75л",9,1199,1079.1
254582,CASA SANTOS,"Вино Casa Santos Quinta das Amoras Tinto красное полусухое, 0.75л",26,899,809.1
362632,CHATEAU LA GROLET,"Вино Chateau La Grolet красное сухое, 0.75л",14,3199,2399
454486,CHEVAL QUANCARD,"Вино Cheval Quancard Chateau de Terrefort-Quancard красное сухое, 0.75л",10,1799,1399
548701,JEAN DELLAC,"Вино Jean Dellac Chardonnay белое сухое, 0.75л",215,669,0
176682,MONTEFUSCO,"Вино Montefusco Nero красное сухое, 0.75л",24,1229,899
8269710,PUEBLO VIEJO,"Вино Pueblo Viejo Tempranillo красное сухое, 0.75л",48,599,539.1
604952620,CASAL GARCIA,"Вино Casal Garcia Sweet белое сладкое, 0.75л",25,1019,917.1
149578,MARQUES DE CACERES,"Вино Marques de caceres Reserva красное сухое, 0.75л",6,2899,2609.1
515591,EL VINCULO CRIANZA,"Вино El Vinculo Crianza Dehesa La Granja DO красное сухое, 0.75л",12,2499,1999
510400,CASTILLO CLAVIJO,"Вино Castillo Clavijo Reserva Rioja красное сухое выдержанное, 0.75л",60,1399,1099
480720,TRAVERSA,"Вино Traversa Tannat красное сухое, 0.75л",11,899,809.1
514514,BADAGONI,"Вино Badagoni Saperavi красное сухое, 0.187л",27,349,229
546367,VESPUCCI,"Вино Vespucci Chianti Classico красное сухое, 0.75л",56,2219,1799
525204,BADET CLEMENT,"Вино Badet Clement Les Jamelles Malbec Cepage Rare красное сухое, 0.75л",62,1549,0
363272,CATENA ZAPATA,"Вино Catena Zapata Alamos Syrah красное сухое, 0.75л",16,1479,1331.1
241504,CONTE TASCA D'ALMERITA,"Вино Conte Tasca d'Almerita Regaleali красное сухое, 0.75л",4,1799,1599
491096,CERRO DE LA CRUZ,"Вино Cerro De La Cruz розовое сухое, 1л",138,599,539.1
480050,УСАДЬБА ПЕРОВСКИХ,"Вино Усадьба Перовских Каберне Резерв Совиньон красное сухое, 0.75л",15,819,0
539801,KREMS,"Вино Stadt Krems Schieferterrassen Riesling белое сухое, 0.75л",3,2799,0
470214,CHATEAU LA RAZE BEAUVALLET,"Вино Chateau La Raze Beauvallet красное сухое, 0.75л",43,2299,1699
483937,TENUTA OLIM BAUDA,"Вино Tenuta Olim Bauda Nizza красное сухое, 0.75л",3,4799,0
491700,19 CRIMES,"Вино 19 Crimes The Banished Dark Red красное полусухое, 0.75л",23,2599,2339.1
438755,PAUL JABOULET AINE,"Вино Paul Jaboulet Aine Syrah Secret de Famille красное сухое, 0.75л",14,1899,1499
429293,УСАДЬБА ПЕРОВСКИХ,"Вино Усадьба Перовских Каберне Совиньон Резерв красное сухое, 0.75л",20,519,0
421967,VOSKEVAZ,"Вино Voskevaz красное сухое, 0.75л",11,769,0
518663,CLAROSCURO,"Вино Claroscuro Malbec красное сухое, 0.75л",24,1329,1196.1
538326,PALAVANI,"Вино Palavani Rkatsiteli Kvevri Orange белое сухое, 0.75л",14,1299,0
185465,CUMA,"Вино Michel Torino Cuma Organic Torrontes белое сухое, 0.75л",10,999,899.1
363157,FONSECA,"Вино ликерное Портвейн Fonseca White Port белое сладкое, 0.75л",6,2799,2519.1
470307,KUNSTLER,"Вино Kunstler Riesling белое сухое, 0.75л",9,3799,0
429333,УСАДЬБА ПЕРОВСКИХ,"Вино Усадьба Перовских Шардоне белое сухое, 0.75л",3,519,0
114482,GAJA,"Вино Gaja Ca'Marcanda Promis красное сухое, 0.75л",23,7999,6299
518758,CHATEAU HAUT PEYRUGUET,"Вино Chateau Haut Peyruguet красное сухое, 0.75л",21,2119,1599
444638,D'ARENBERG,"Вино d'Arenberg The Footbolt Shiraz красное сухое, 0.75л",8,2499,2249.1
510566,CANTAGALLO,"Вино Tenuta Cantagallo Chianti Montalbano красное сухое , 0.75л",30,3099,0
553261,CHATEAU LANGE REGLA,"Вино Chateau Lange Regla белое сладкое, 0.75л",9,3559,0
475750,ANTANO,"Вино Antano Tempranillo Rioja DOC красное сухое, 0.187л",49,369,279
551581,CHATEAU LE SEPE,"Вино Chateau Le Sepe Bordeaux красное сухое, 0.75л",62,1999,0
85629,CUSUMANO,"Вино Cusumano Nadaria Insolia Terre Siciliane белое сухое, 0.75л",37,1069,0
103066,MARCHESI DE' FRESCOBALDI,"Вино Marchesi De' Frescobaldi Nipozzano Chianti Rufina Riserva красное сухое, 0.75л",14,3299,0
519577,LA VIMINIERE,"Вино Chateau Fleur Haut Gaussens La Viminiere Malbec красное сухое, 0.75л",13,2599,0
505708,FONTERUTOLI,"Вино Fonterutoli Poggio Badiola красное сухое, 0.75л",2,1699,0
472035,ALBERT BICHOT,"Вино Albert Bichot Bourgogne Aligote красное сухое, 0.75л",22,2959,0
208791,DON SIMON,"Вино Don Simon красное сухое, 1л",107,679,611.1
571350555,REAL AGRADO,"Вино Real Agrado Reserva красное сухое, 0.75л",25,1899,1709.1
566249,PIEROPAN,"Вино Pieropan Soave Classico DOC белое сухое, 0.75л",7,3129,2499
531952,ELISABETH VIGNERONNE,"Вино Elisabeth Vigneronne Colombard-Sauvignon Blanc белое сухое, 0.75л",12,999,0
573161,MAR DE FRADES,"Вино Mar De Frades белое сухое, 1.5л",5,6199,5579.1
490916,BATUTA,"Вино Batuta Rosado розовое cухое, 0.75л",118,599,539.1
546993,I FEUDI DI ROMANS,"Вино I Feudi Di Romans Sauvignon Blanc белое сухое, 0.75л",13,2599,1999
548672,JEAN DELLAC,"Вино Jean Dellac Merlot красное сухое, 0.75л",460,629,0
631768,LES CRESTES,"Вино Mas Doix Les Crestes Priorat красное сухое, 0.75л",1,5199,4679.1
522083,LEEUWENKUIL,"Вино Leeuwenkuil Chenin Blanc белое сухое, 0.75л",7,899,799
603219076,DISCOVERY BAY,"Вино Discovery Bay Rose Chardonnay белое сухое, 0.75л",84,899,809.1
601654299,ROCKY GULLY,"Вино Rocky Gully Riesling белое сухое, 0.75л",10,2099,1889.1
493357450,ROOIBERG,"Вино Rooiberg Natural Sweet белое сладкое, 0.75л",11,899,809.1
570815,FATTORIA POGNI,"Вино Fattoria Pogni Terre del Bruno Chianti Riserva Poggio ai Falchi красное сухое, 0.75л",6,2499,0
577366,FEUDI BRANCIFORTI DEI BORDONARO,"Вино Feudi Branciforti dei Bordonaro Nero d'Avola красное сухое, 0.75л",12,1799,1299
201143,BERONIA,"Вино Beronia Crianza Rioja красное сухое, 0.75л",19,1599,1439.1
257408240,KAAPZICHT,"Вино Kaapzicht Kaleidoscope красное полусухое, 0.75л",5,1449,1304.1
484165,TENUTA OLIM BAUDA,"Вино Tenuta Olim Bauda La Villa Barbera d'Asti красное сухое, 0.75л",2,1999,0
518334,CIELO,"Вино Cielo 1908 Appassionante Rosso красное полусухое, 0.75л",52,1429,0
454615,CHATEAU HAUT-LOGAT,"Вино Chateau Haut-Logat Medoc красное сухое, 0.75л",10,3399,2499
571786,TOCORNAL,"Вино Cono Sur Tocornal Carmenere красное полусухое, 0.75л",20,799,719.1
437356,VINA REAL,"Вино Vina Real Porca de Murca красное сухое, 0.75л",20,1199,1079.1
603218646,DISCOVERY BAY,"Вино Discovery Bay Cabernet Sauvignon красное полусухое, 0.75л",16,899,809.1
493271660,MANUEL QUINTANO,"Вино Manuel Quintano Seleccion Particular красное сухое, 0.75л",136,2499,1999
268833860,CHATEAU PINOT,"Вино Chateau Pinot Колдун красное сухое, 0.75л",2,1249,0
549383,BESTHEIM,"Вино Bestheim Classic Riesling белое сухое, 0.75л",14,2599,0
413580369,СУХАЯ ГОРА,"Вино Сухая Гора Совиньон Блан Шардоне белое сухое, 0.75л",8,879,649
413521744,ФЛЕЙТА ПОЗВОНОЧНИК,"Вино Флейта позвоночник красное сухое, 0.75л",3,569,449
603218996,KALEU,"Вино Kaleu Chardonnay белое сухое, 0.75л",54,709,638.1
573978517,PODERI DEL DOGE,"Вино Poderi del Doge Moscato Giallo белое полусухое, 0.75л",93,999,0
604904249,ELETRICO VERMELHO,"Вино Eletrico Vermelho красное сухое, 0.375л",97,399,359.1
11728033,ALAZANI,"Вино Alazani Qvevri Rkatsiteli белое сухое, 0.75л",59,1199,899
604996109,HERESIE,"Вино Heresie Corbieres белое сухое, 0.75л",264,1799,1599
549925,TIERRA DE TOROS,"Вино Tierra de Toros Organic сухое красное, 1.5л",7,1449,1304.1
605119241,DESONO,"Вино Desono Chardonnay белое сухое, 0.75л",6,609,0
605119246,DESONO,"Вино Desono Merlot красное сухое, 0.75л",6,609,0
605168949,LA DILECTA,"Вино La Dilecta Touraine Sauvignon Blanc белое сухое, 0.75л",144,1999,0
605166199,VALLEE LOIRE,"Вино Vallee Loire Touraine Sauvignon Blanc белое сухое, 0.75л",96,1239,0
603219006,KALEU,"Вино Kaleu Malbec красное сухое, 0.75л",25,709,638.1
605166109,DEANGELI,"Вино Deangeli Soave белое сухое, 0.75л",216,699,0
479932,УСАДЬБА ПЕРОВСКИХ,"Вино Усадьба Перовских Шардоне Резерв белое сухое, 0.75л",8,819,0
605167489,VALLEE LOIRE,"Вино Vallee Loire Muscadet Sevre Et Maine Sur Lie белое сухое, 0.75л",168,1229,0
365855,BODEGAS ARAGONESAS,"Вино Bodegas Aragonesas Crucillon Tinto красное сухое, 0.75л",106,849,764.1
515829,VINA REAL,"Вино Vina Real Evel Branco белое сухое, 0.75л",7,1699,1399
515816,VINA REAL,"Вино Vina Real Evel Reserve Red красное сухое, 0.75л",5,3899,3399
403258028,LOUIS DAILLY,"Вино Louis Dailly Mercurey красное сухое, 0.75л",77,3799,0
89034126,RABL,"Вино Rabl Gruner Loss белое сухое, 0.75л",30,1299,0
595715749,WOODHAVEN,"Вино Woodhaven Chardonnay белое полусухое, 0.75л",1,1269,999
544131,ROLAND LAVANTUREUX,"Вино Roland Lavantureux Chablis Cru белое сухое, 0.75л",6,4199,0
552636,CHEVALIER PIERREFITTE,"Вино Chevalier Pierrefitte La Valette красное сухое, 0.75л",86,1999,0
84828,FALESCO,"Вино Falesco EST! EST!! EST!!! di Montefiascone белое сухое, 0.75л",56,1449,0
473008,GNARLY HEAD,"Вино Gnarly Head Cabernet Sauvignon красное сухое, 0.75л",3,1999,1799.1
601503497,МАССАНДРА,"Вино ликерное Массандра Портвейн Сурож белое сладкое, 0.75л",24,689,0
603218006,DISCOVERY BAY,"Вино Discovery Bay Red Zinfandel красное полусухое, 0.75л",84,899,809.1
